Target Name	Target Accession	Target Length	Query Name	Query Accession	Query Length	E-value	Score	Bias	Domain Index	Domain Count	Cond. E-value	Domain Ind. E-value	Domain Bit-score	Domain Bias	Query Ali. Start	Query Ali. End	Target Ali. Start	Target Ali. End	Target Env. Start	Target Env. End	Acc	Description	Mapped PDB(s)	Number of Identical Sequences
IRPL1_HUMAN	IRPL1_HUMAN	696	Query	-	784	5.9e-134	452.2	0.0	1	1	1.0e-137	6.6e-134	452.051727294922	0.00	1	696	1	696	1	696	1.00	Interleukin-1 receptor accessory protein-like 1	1t3g_B	0
TLR6_HUMAN	TLR6_HUMAN	796	Query	-	784	9.8e-120	405.2	39.7	1	1	1.7e-123	1.1e-119	405.019012451172	39.65	1	783	1	783	1	784	0.99	Toll-like receptor 6	4om7_B	0
IRPL2_HUMAN	IRPL2_HUMAN	686	Query	-	784	2.4e-85	291.4	0.9	1	1	4.2e-89	2.7e-85	291.278259277344	0.93	1	686	1	686	1	686	0.88	X-linked interleukin-1 receptor accessory protein-like 2		0
TLR1_HUMAN	TLR1_HUMAN	786	Query	-	784	1.8e-79	272.0	42.4	1	1	3.2e-83	2.0e-79	271.846343994141	42.40	3	781	3	781	1	784	0.89	Toll-like receptor 1	2z7x_B	0
IL1AP_HUMAN	IL1AP_HUMAN	570	Query	-	784	6.6e-78	266.9	0.0	1	1	1.1e-81	7.4e-78	266.700103759766	0.01	1	568	1	568	1	570	0.99	Interleukin-1 receptor accessory protein	4dep_F	0
TLR2_HUMAN	TLR2_HUMAN	784	Query	-	784	5.1e-73	250.7	37.7	1	1	8.7e-77	5.6e-73	250.548690795898	37.73	1	782	1	782	1	784	0.94	Toll-like receptor 2	1fyx_A	0
I18RA_HUMAN	I18RA_HUMAN	599	Query	-	784	2.1e-45	159.4	0.0	1	1	4.0e-49	2.6e-45	159.08967590332	0.03	1	593	1	593	1	598	0.99	Interleukin-18 receptor accessory protein	3wo4_C	0
IL1R1_HUMAN	IL1R1_HUMAN	569	Query	-	784	3.8e-37	132.1	0.0	1	1	7.0e-41	4.5e-37	131.813568115234	0.01	1	560	1	560	1	568	0.87	Interleukin-1 receptor type 1	4dep_B	0
IL18R_HUMAN	IL18R_HUMAN	541	Query	-	784	3.0e-34	122.5	8.8	1	1	5.7e-38	3.7e-34	122.187141418457	8.81	1	512	1	512	1	517	0.99	Interleukin-18 receptor 1	3wo3_H	0
ILRL1_HUMAN	ILRL1_HUMAN	556	Query	-	784	3.2e-33	119.1	0.1	1	1	5.6e-37	3.6e-33	118.904159545898	0.06	1	554	1	554	1	556	0.80	Interleukin-1 receptor-like 1	4kc3_B	0
ILRL2_HUMAN	ILRL2_HUMAN	575	Query	-	784	1.0e-32	117.4	0.0	1	1	1.9e-36	1.2e-32	117.143142700195	0.00	1	572	1	572	1	574	0.98	Interleukin-1 receptor-like 2		0
SLIT1_HUMAN	SLIT1_HUMAN	1534	Query	-	784	1.4e-21	80.6	31.5	1	5	1.1e-09	7.2e-06	28.6290607452393	4.02	384	537	69	223	64	233	0.94	Slit homolog 1 protein		0
SLIT1_HUMAN	SLIT1_HUMAN	1534	Query	-	784	1.4e-21	80.6	31.5	2	5	1.9e-07	0.0012	21.2281894683838	1.60	395	486	352	443	338	444	0.93	Slit homolog 1 protein		0
SLIT1_HUMAN	SLIT1_HUMAN	1534	Query	-	784	1.4e-21	80.6	31.5	3	5	0.01	64	5.63623476028442	0.29	735	757	428	450	425	458	0.88	Slit homolog 1 protein		0
SLIT1_HUMAN	SLIT1_HUMAN	1534	Query	-	784	1.4e-21	80.6	31.5	4	5	1.2e-09	7.9e-06	28.4979877471924	2.48	383	506	548	671	540	680	0.95	Slit homolog 1 protein		0
SLIT1_HUMAN	SLIT1_HUMAN	1534	Query	-	784	1.4e-21	80.6	31.5	5	5	2.5e-05	0.16	14.2448883056641	0.32	501	592	766	857	761	876	0.89	Slit homolog 1 protein		0
SLIT3_HUMAN	SLIT3_HUMAN	1523	Query	-	784	1.4e-17	67.3	28.7	1	4	1.5e-08	9.9e-05	24.8612976074219	5.50	384	516	69	201	62	225	0.90	Slit homolog 3 protein		0
SLIT3_HUMAN	SLIT3_HUMAN	1523	Query	-	784	1.4e-17	67.3	28.7	2	4	0.00082	5.3	9.22421455383301	3.83	395	482	350	437	327	442	0.66	Slit homolog 3 protein		0
SLIT3_HUMAN	SLIT3_HUMAN	1523	Query	-	784	1.4e-17	67.3	28.7	3	4	2.5e-07	0.0016	20.8696403503418	0.11	474	577	559	663	554	669	0.94	Slit homolog 3 protein		0
SLIT3_HUMAN	SLIT3_HUMAN	1523	Query	-	784	1.4e-17	67.3	28.7	4	4	2.3e-08	0.00015	24.2656135559082	0.18	501	605	757	861	754	869	0.93	Slit homolog 3 protein		0
LRRT2_HUMAN	LRRT2_HUMAN	516	Query	-	784	2.0e-16	63.5	17.4	1	2	9.2e-16	5.9e-12	48.7445602416992	11.12	398	580	59	242	52	247	0.96	Leucine-rich repeat transmembrane neuronal protein 2	5z8y_E	0
LRRT2_HUMAN	LRRT2_HUMAN	516	Query	-	784	2.0e-16	63.5	17.4	2	2	9.6e-09	6.2e-05	25.5355491638184	1.67	389	476	218	305	218	317	0.94	Leucine-rich repeat transmembrane neuronal protein 2	5z8y_E	0
LRC15_HUMAN	LRC15_HUMAN	581	Query	-	784	8.4e-16	61.5	20.9	1	2	2.7e-16	1.8e-12	50.4799842834473	6.00	439	587	92	241	61	260	0.88	Leucine-rich repeat-containing protein 15		0
LRC15_HUMAN	LRC15_HUMAN	581	Query	-	784	8.4e-16	61.5	20.9	2	2	1.0e-05	0.065	15.5397872924805	6.03	405	513	298	406	294	411	0.93	Leucine-rich repeat-containing protein 15		0
SLIT2_HUMAN	SLIT2_HUMAN	1529	Query	-	784	2.3e-15	60.0	35.3	1	5	4.9e-06	0.032	16.5750484466553	2.85	383	528	62	208	58	230	0.91	Slit homolog 2 protein	2wfh_B	0
SLIT2_HUMAN	SLIT2_HUMAN	1529	Query	-	784	2.3e-15	60.0	35.3	2	5	5.3e-05	0.34	13.1544189453125	2.29	425	511	325	411	304	417	0.62	Slit homolog 2 protein	2wfh_B	0
SLIT2_HUMAN	SLIT2_HUMAN	1529	Query	-	784	2.3e-15	60.0	35.3	3	5	0.014	92	5.1172924041748	0.35	736	763	420	447	419	451	0.89	Slit homolog 2 protein	2wfh_B	0
SLIT2_HUMAN	SLIT2_HUMAN	1529	Query	-	784	2.3e-15	60.0	35.3	4	5	3.6e-06	0.023	17.0071887969971	1.64	394	506	552	664	534	672	0.93	Slit homolog 2 protein	2wfh_B	0
SLIT2_HUMAN	SLIT2_HUMAN	1529	Query	-	784	2.3e-15	60.0	35.3	5	5	4.2e-08	0.00027	23.4267044067383	0.04	502	588	760	846	756	855	0.95	Slit homolog 2 protein	2wfh_B	0
TLR10_HUMAN	TLR10_HUMAN	811	Query	-	784	5.9e-14	55.4	30.3	1	2	9.1e-08	0.00059	22.3017883300781	0.47	11	174	7	170	1	178	0.91	Toll-like receptor 10	2j67_B	0
TLR10_HUMAN	TLR10_HUMAN	811	Query	-	784	5.9e-14	55.4	30.3	2	2	9.7e-12	6.3e-08	35.4392471313477	23.69	330	781	325	773	287	776	0.72	Toll-like receptor 10	2j67_B	0
CPN2_HUMAN	CPN2_HUMAN	545	Query	-	784	2.0e-13	53.6	17.1	1	3	2.1e-07	0.0013	21.135570526123	3.73	393	492	114	213	109	220	0.95	Carboxypeptidase N subunit 2		0
CPN2_HUMAN	CPN2_HUMAN	545	Query	-	784	2.0e-13	53.6	17.1	2	3	0.0014	9.1	8.44262504577637	0.03	683	722	217	256	210	267	0.91	Carboxypeptidase N subunit 2		0
CPN2_HUMAN	CPN2_HUMAN	545	Query	-	784	2.0e-13	53.6	17.1	3	3	1.6e-10	1.1e-06	31.3862953186035	2.59	428	513	293	378	269	387	0.93	Carboxypeptidase N subunit 2		0
ALS_HUMAN	ALS_HUMAN	605	Query	-	784	1.4e-12	50.8	10.4	1	3	5.3e-06	0.034	16.4703197479248	0.01	390	506	160	276	146	278	0.93	Insulin-like growth factor-binding protein complex acid labile subunit		0
ALS_HUMAN	ALS_HUMAN	605	Query	-	784	1.4e-12	50.8	10.4	2	3	8.1e-08	0.00052	22.476037979126	0.17	395	506	285	396	280	400	0.95	Insulin-like growth factor-binding protein complex acid labile subunit		0
ALS_HUMAN	ALS_HUMAN	605	Query	-	784	1.4e-12	50.8	10.4	3	3	0.00013	0.81	11.9244403839111	0.41	392	473	402	483	398	520	0.70	Insulin-like growth factor-binding protein complex acid labile subunit		0
LRRT4_HUMAN	LRRT4_HUMAN	590	Query	-	784	6.3e-12	48.7	20.2	1	2	5.7e-12	3.7e-08	36.1959838867188	7.97	404	603	65	265	60	269	0.96	Leucine-rich repeat transmembrane neuronal protein 4		0
LRRT4_HUMAN	LRRT4_HUMAN	590	Query	-	784	6.3e-12	48.7	20.2	2	2	4.2e-09	2.7e-05	26.705135345459	4.30	429	601	138	311	135	320	0.92	Leucine-rich repeat transmembrane neuronal protein 4		0
LGR5_HUMAN	LGR5_HUMAN	907	Query	-	784	6.2e-11	45.4	13.0	1	2	8.6e-13	5.6e-09	38.9132995605469	5.36	453	626	71	222	69	249	0.86	Leucine-rich repeat-containing G-protein coupled receptor 5	4bst_B	0
LGR5_HUMAN	LGR5_HUMAN	907	Query	-	784	6.2e-11	45.4	13.0	2	2	0.0021	13	7.87901449203491	3.50	451	629	260	437	203	444	0.63	Leucine-rich repeat-containing G-protein coupled receptor 5	4bst_B	0
LRIG1_HUMAN	LRIG1_HUMAN	1093	Query	-	784	3.0e-09	39.8	12.6	1	2	5.1e-07	0.0033	19.826696395874	0.43	477	627	73	224	70	227	0.93	Leucine-rich repeats and immunoglobulin-like domains protein 1	4u7m_A	0
LRIG1_HUMAN	LRIG1_HUMAN	1093	Query	-	784	3.0e-09	39.8	12.6	2	2	0.0088	57	5.80951070785522	0.02	379	456	360	438	359	441	0.89	Leucine-rich repeats and immunoglobulin-like domains protein 1	4u7m_A	0
PXDN_HUMAN	PXDN_HUMAN	1479	Query	-	784	4.5e-09	39.2	0.7	1	1	1.3e-12	8.6e-09	38.296947479248	0.65	479	605	69	196	64	203	0.93	Peroxidasin homolog		0
R4RL2_HUMAN	R4RL2_HUMAN	420	Query	-	784	8.2e-09	38.4	7.7	1	1	2.4e-12	1.6e-08	37.4362106323242	2.84	394	508	125	239	120	245	0.96	Reticulon-4 receptor-like 2		0
LRR70_HUMAN	LRR70_HUMAN	622	Query	-	784	1.2e-08	37.8	20.3	1	3	1.4e-06	0.0089	18.395622253418	2.45	481	601	70	190	69	198	0.89	Leucine-rich repeat-containing protein 70		0
LRR70_HUMAN	LRR70_HUMAN	622	Query	-	784	1.2e-08	37.8	20.3	2	3	2.0e-06	0.013	17.8704376220703	1.02	447	580	131	265	128	268	0.72	Leucine-rich repeat-containing protein 70		0
LRR70_HUMAN	LRR70_HUMAN	622	Query	-	784	1.2e-08	37.8	20.3	3	3	4.2e-07	0.0027	20.1140480041504	10.18	388	506	216	335	189	341	0.90	Leucine-rich repeat-containing protein 70		0
LIGO3_HUMAN	LIGO3_HUMAN	592	Query	-	784	3.0e-08	36.5	9.5	1	3	4.5e-06	0.029	16.6907043457031	0.74	402	504	80	182	77	187	0.95	Leucine-rich repeat and immunoglobulin-like domain-containing nogo receptor-interacting protein 3		0
LIGO3_HUMAN	LIGO3_HUMAN	592	Query	-	784	3.0e-08	36.5	9.5	2	3	3.8e-06	0.024	16.9436321258545	0.07	404	505	202	303	193	309	0.94	Leucine-rich repeat and immunoglobulin-like domain-containing nogo receptor-interacting protein 3		0
LIGO3_HUMAN	LIGO3_HUMAN	592	Query	-	784	3.0e-08	36.5	9.5	3	3	0.0038	24	7.02848386764526	0.46	409	460	303	354	295	357	0.88	Leucine-rich repeat and immunoglobulin-like domain-containing nogo receptor-interacting protein 3		0
LGR4_HUMAN	LGR4_HUMAN	951	Query	-	784	4.8e-08	35.8	8.5	1	1	2.1e-11	1.4e-07	34.3265800476074	2.86	454	601	63	211	60	237	0.91	Leucine-rich repeat-containing G-protein coupled receptor 4	4kt1_A	0
LRRT3_HUMAN	LRRT3_HUMAN	581	Query	-	784	6.2e-08	35.5	12.5	1	1	1.7e-11	1.1e-07	34.5972061157227	12.48	406	609	67	271	64	291	0.94	Leucine-rich repeat transmembrane neuronal protein 3		0
CHADL_HUMAN	CHADL_HUMAN	762	Query	-	784	6.2e-08	35.4	1.2	1	1	6.7e-09	4.3e-05	26.0417976379395	0.05	394	509	104	219	66	223	0.96	Chondroadherin-like protein		0
LGR6_HUMAN	LGR6_HUMAN	967	Query	-	784	6.8e-08	35.3	12.9	1	2	5.3e-10	3.4e-06	29.7063102722168	5.86	405	577	71	244	67	257	0.94	Leucine-rich repeat-containing G-protein coupled receptor 6		0
LGR6_HUMAN	LGR6_HUMAN	967	Query	-	784	6.8e-08	35.3	12.9	2	2	0.00052	3.4	9.8767204284668	0.47	447	513	373	439	323	449	0.61	Leucine-rich repeat-containing G-protein coupled receptor 6		0
LRIG2_HUMAN	LRIG2_HUMAN	1065	Query	-	784	7.7e-08	35.1	16.5	1	3	0.0013	8.5	8.55025100708008	0.87	476	587	124	235	119	240	0.88	Leucine-rich repeats and immunoglobulin-like domains protein 2		0
LRIG2_HUMAN	LRIG2_HUMAN	1065	Query	-	784	7.7e-08	35.1	16.5	2	3	5.6e-10	3.6e-06	29.6039371490479	2.08	390	506	253	369	238	377	0.93	Leucine-rich repeats and immunoglobulin-like domains protein 2		0
LRIG2_HUMAN	LRIG2_HUMAN	1065	Query	-	784	7.7e-08	35.1	16.5	3	3	0.0027	18	7.49721002578735	2.38	423	500	361	438	359	453	0.85	Leucine-rich repeats and immunoglobulin-like domains protein 2		0
TRIL_HUMAN	TRIL_HUMAN	811	Query	-	784	9.0e-08	34.9	2.5	1	2	1.6e-06	0.01	18.2209758758545	0.13	475	603	86	215	80	219	0.91	TLR4 interactor with leucine rich repeats		0
TRIL_HUMAN	TRIL_HUMAN	811	Query	-	784	9.0e-08	34.9	2.5	2	2	2.2e-06	0.014	17.707986831665	0.74	379	508	208	337	199	340	0.93	TLR4 interactor with leucine rich repeats		0
AMGO1_HUMAN	AMGO1_HUMAN	493	Query	-	784	1.6e-07	34.1	7.3	1	1	2.5e-11	1.6e-07	34.0726623535156	7.25	404	515	65	177	63	185	0.94	Amphoterin-induced protein 1		0
ISLR_HUMAN	ISLR_HUMAN	428	Query	-	784	4.8e-07	32.5	2.8	1	1	1.1e-09	7.4e-06	28.5908527374268	0.86	405	510	55	160	53	164	0.97	Immunoglobulin superfamily containing leucine-rich repeat protein		0
LRRT1_HUMAN	LRRT1_HUMAN	522	Query	-	784	1.1e-06	31.4	3.8	1	2	1.7e-06	0.011	18.1402149200439	0.17	395	509	84	198	70	201	0.95	Leucine-rich repeat transmembrane neuronal protein 1		0
LRRT1_HUMAN	LRRT1_HUMAN	522	Query	-	784	1.1e-06	31.4	3.8	2	2	0.00078	5	9.29886913299561	0.02	542	602	255	315	247	322	0.90	Leucine-rich repeat transmembrane neuronal protein 1		0
LRRC4_HUMAN	LRRC4_HUMAN	653	Query	-	784	2.3e-06	30.3	0.9	1	2	1.1e-05	0.07	15.4445390701294	0.03	504	590	84	170	69	203	0.86	Leucine-rich repeat-containing protein 4	3zyi_A	0
LRRC4_HUMAN	LRRC4_HUMAN	653	Query	-	784	2.3e-06	30.3	0.9	2	2	5.1e-05	0.33	13.2161226272583	0.22	389	435	255	301	243	305	0.91	Leucine-rich repeat-containing protein 4	3zyi_A	0
PGS2_HUMAN	PGS2_HUMAN	359	Query	-	784	3.2e-06	29.8	1.0	1	2	0.00027	1.7	10.8186273574829	0.05	549	593	87	131	78	161	0.72	Decorin		0
PGS2_HUMAN	PGS2_HUMAN	359	Query	-	784	3.2e-06	29.8	1.0	2	2	3.9e-06	0.025	16.9173545837402	0.12	448	546	221	319	207	324	0.94	Decorin		0
NYX_HUMAN	NYX_HUMAN	481	Query	-	784	3.6e-06	29.6	4.3	1	1	1.9e-09	1.2e-05	27.8473510742188	0.04	398	508	204	314	201	319	0.94	Nyctalopin		0
SLIK4_HUMAN	SLIK4_HUMAN	837	Query	-	784	4.2e-06	29.4	16.9	1	2	4.2e-05	0.27	13.4937505722046	5.57	392	500	75	183	69	194	0.93	SLIT and NTRK-like protein 4		0
SLIK4_HUMAN	SLIK4_HUMAN	837	Query	-	784	4.2e-06	29.4	16.9	2	2	1.6e-07	0.001	21.4858779907227	3.49	409	514	386	491	378	534	0.86	SLIT and NTRK-like protein 4		0
RTN4R_HUMAN	RTN4R_HUMAN	473	Query	-	784	4.3e-06	29.3	0.3	1	1	1.8e-09	1.1e-05	27.9581604003906	0.07	375	501	106	231	88	247	0.89	Reticulon-4 receptor	1ozn_A	0
RXFP1_HUMAN	RXFP1_HUMAN	757	Query	-	784	5.3e-06	29.1	13.2	1	2	8.8e-06	0.057	15.7294893264771	2.88	355	463	131	237	128	245	0.93	Relaxin receptor 1	2m7p_A	0
RXFP1_HUMAN	RXFP1_HUMAN	757	Query	-	784	5.3e-06	29.1	13.2	2	2	1.1e-06	0.0071	18.7290363311768	0.66	190	246	285	341	281	350	0.77	Relaxin receptor 1	2m7p_A	0
LRC24_HUMAN	LRC24_HUMAN	513	Query	-	784	6.0e-06	28.9	0.7	1	1	1.2e-09	7.8e-06	28.5040740966797	0.21	477	606	55	185	52	204	0.94	Leucine-rich repeat-containing protein 24		0
LRC4C_HUMAN	LRC4C_HUMAN	640	Query	-	784	1.2e-05	27.9	6.1	1	2	1.6e-06	0.01	18.1676635742188	0.31	490	587	72	168	66	174	0.88	Leucine-rich repeat-containing protein 4C	3zyj_A	0
LRC4C_HUMAN	LRC4C_HUMAN	640	Query	-	784	1.2e-05	27.9	6.1	2	2	0.00012	0.75	12.0263824462891	0.51	380	435	247	302	226	306	0.91	Leucine-rich repeat-containing protein 4C	3zyj_A	0
LRC17_HUMAN	LRC17_HUMAN	441	Query	-	784	1.2e-05	27.9	11.9	1	2	2.2e-05	0.14	14.4445877075195	2.73	407	484	88	165	81	183	0.87	Leucine-rich repeat-containing protein 17		0
LRC17_HUMAN	LRC17_HUMAN	441	Query	-	784	1.2e-05	27.9	11.9	2	2	1.2e-06	0.0078	18.5909786224365	1.87	403	486	271	354	269	356	0.97	Leucine-rich repeat-containing protein 17		0
VASN_HUMAN	VASN_HUMAN	673	Query	-	784	2.3e-05	26.9	0.2	1	2	2.8e-05	0.18	14.0542764663696	0.10	538	592	95	149	76	169	0.83	Vasorin		0
VASN_HUMAN	VASN_HUMAN	673	Query	-	784	2.3e-05	26.9	0.2	2	2	0.00033	2.1	10.5343980789185	0.02	399	556	168	325	163	367	0.72	Vasorin		0
LIGO2_HUMAN	LIGO2_HUMAN	606	Query	-	784	3.6e-05	26.3	17.7	1	3	6.0e-06	0.039	16.2779293060303	0.87	451	557	60	167	56	169	0.91	Leucine-rich repeat and immunoglobulin-like domain-containing nogo receptor-interacting protein 2		0
LIGO2_HUMAN	LIGO2_HUMAN	606	Query	-	784	3.6e-05	26.3	17.7	2	3	0.0019	12	8.02939414978027	4.87	391	506	168	283	164	290	0.85	Leucine-rich repeat and immunoglobulin-like domain-containing nogo receptor-interacting protein 2		0
LIGO2_HUMAN	LIGO2_HUMAN	606	Query	-	784	3.6e-05	26.3	17.7	3	3	0.00031	2	10.6005487442017	0.19	391	459	288	356	282	362	0.83	Leucine-rich repeat and immunoglobulin-like domain-containing nogo receptor-interacting protein 2		0
RXFP2_HUMAN	RXFP2_HUMAN	754	Query	-	784	4.3e-05	26.1	13.5	1	4	0.00074	4.8	9.3764533996582	0.48	284	345	144	205	134	210	0.92	Relaxin receptor 2	2m96_A	0
RXFP2_HUMAN	RXFP2_HUMAN	754	Query	-	784	4.3e-05	26.1	13.5	2	4	0.0023	15	7.76167058944702	0.09	393	464	178	249	174	254	0.92	Relaxin receptor 2	2m96_A	0
RXFP2_HUMAN	RXFP2_HUMAN	754	Query	-	784	4.3e-05	26.1	13.5	3	4	4.1e-06	0.027	16.8182926177979	0.17	278	346	258	326	251	331	0.94	Relaxin receptor 2	2m96_A	0
RXFP2_HUMAN	RXFP2_HUMAN	754	Query	-	784	4.3e-05	26.1	13.5	4	4	0.0016	11	8.23812770843506	2.09	396	450	325	379	323	383	0.96	Relaxin receptor 2	2m96_A	0
GPV_HUMAN	GPV_HUMAN	560	Query	-	784	4.5e-05	26.0	15.3	1	3	4.9e-06	0.032	16.5690574645996	2.78	415	510	65	160	64	180	0.92	Platelet glycoprotein V		0
GPV_HUMAN	GPV_HUMAN	560	Query	-	784	4.5e-05	26.0	15.3	2	3	0.0028	18	7.46776866912842	1.54	450	520	196	266	193	297	0.93	Platelet glycoprotein V		0
GPV_HUMAN	GPV_HUMAN	560	Query	-	784	4.5e-05	26.0	15.3	3	3	0.0011	7.3	8.75843524932861	0.05	449	512	340	403	332	425	0.62	Platelet glycoprotein V		0
LRRN1_HUMAN	LRRN1_HUMAN	716	Query	-	784	8.3e-05	25.1	23.9	1	3	2.1e-08	0.00014	24.3899307250977	5.57	419	559	90	231	69	234	0.92	Leucine-rich repeat neuronal protein 1		0
LRRN1_HUMAN	LRRN1_HUMAN	716	Query	-	784	8.3e-05	25.1	23.9	2	3	0.0037	24	7.05573558807373	4.69	393	509	232	350	228	353	0.89	Leucine-rich repeat neuronal protein 1		0
LRRN1_HUMAN	LRRN1_HUMAN	716	Query	-	784	8.3e-05	25.1	23.9	3	3	0.026	170	4.2539758682251	0.18	738	757	363	382	359	389	0.88	Leucine-rich repeat neuronal protein 1		0
LRC4B_HUMAN	LRC4B_HUMAN	713	Query	-	784	0.00013	24.4	8.4	1	2	1.3e-05	0.084	15.1771125793457	1.42	356	481	92	216	75	241	0.85	Leucine-rich repeat-containing protein 4B		0
LRC4B_HUMAN	LRC4B_HUMAN	713	Query	-	784	0.00013	24.4	8.4	2	2	7.0e-05	0.45	12.7672643661499	0.91	390	458	243	311	237	314	0.94	Leucine-rich repeat-containing protein 4B		0
AMGO2_HUMAN	AMGO2_HUMAN	522	Query	-	784	0.00018	24.0	3.2	1	1	1.9e-07	0.0012	21.2447547912598	1.71	426	507	95	176	73	184	0.94	Amphoterin-induced protein 2		0
LRRN3_HUMAN	LRRN3_HUMAN	708	Query	-	784	0.00023	23.6	21.7	1	3	2.4e-05	0.16	14.284496307373	8.22	428	513	96	181	92	188	0.94	Leucine-rich repeat neuronal protein 3		0
LRRN3_HUMAN	LRRN3_HUMAN	708	Query	-	784	0.00023	23.6	21.7	2	3	0.0003	1.9	10.6598091125488	1.26	419	521	183	286	180	292	0.86	Leucine-rich repeat neuronal protein 3		0
LRRN3_HUMAN	LRRN3_HUMAN	708	Query	-	784	0.00023	23.6	21.7	3	3	0.0025	16	7.60660266876221	0.16	738	758	360	380	349	385	0.89	Leucine-rich repeat neuronal protein 3		0
LIGO1_HUMAN	LIGO1_HUMAN	620	Query	-	784	0.00026	23.5	10.8	1	2	0.0049	31	6.66876220703125	0.91	474	553	97	177	72	184	0.53	Leucine-rich repeat and immunoglobulin-like domain-containing nogo receptor-interacting protein 1	4oqt_A	0
LIGO1_HUMAN	LIGO1_HUMAN	620	Query	-	784	0.00026	23.5	10.8	2	2	2.0e-07	0.0013	21.1518802642822	3.40	391	579	182	371	179	374	0.92	Leucine-rich repeat and immunoglobulin-like domain-containing nogo receptor-interacting protein 1	4oqt_A	0
TLR5_HUMAN	TLR5_HUMAN	858	Query	-	784	0.0003	23.3	21.4	1	3	0.00051	3.3	9.90443515777588	0.04	324	393	94	164	85	182	0.86	Toll-like receptor 5	3j0a_B	0
TLR5_HUMAN	TLR5_HUMAN	858	Query	-	784	0.0003	23.3	21.4	2	3	0.00018	1.1	11.4257154464722	10.04	291	385	302	395	291	538	0.78	Toll-like receptor 5	3j0a_B	0
TLR5_HUMAN	TLR5_HUMAN	858	Query	-	784	0.0003	23.3	21.4	3	3	0.014	93	5.10815715789795	1.21	394	440	496	542	468	560	0.79	Toll-like receptor 5	3j0a_B	0
CHAD_HUMAN	CHAD_HUMAN	359	Query	-	784	0.00049	22.6	4.4	1	1	9.0e-08	0.00058	22.3142280578613	2.11	370	513	95	236	80	248	0.90	Chondroadherin	5mx1_B	0
LRIG3_HUMAN	LRIG3_HUMAN	1119	Query	-	784	0.00054	22.4	3.9	1	2	8.4e-08	0.00054	22.4200382232666	3.90	379	506	242	369	237	375	0.95	Leucine-rich repeats and immunoglobulin-like domains protein 3		0
LRIG3_HUMAN	LRIG3_HUMAN	1119	Query	-	784	0.00054	22.4	3.9	2	2	0.012	78	5.35881233215332	0.03	182	242	392	452	381	455	0.68	Leucine-rich repeats and immunoglobulin-like domains protein 3		0
LRC33_HUMAN	LRC33_HUMAN	692	Query	-	784	0.00067	22.1	5.1	1	2	0.01	66	5.59975004196167	0.01	517	578	155	216	134	226	0.57	Transforming growth factor beta activator LRRC33		0
LRC33_HUMAN	LRC33_HUMAN	692	Query	-	784	0.00067	22.1	5.1	2	2	4.5e-06	0.029	16.7130889892578	1.93	400	508	328	438	311	449	0.82	Transforming growth factor beta activator LRRC33		0
LRRN2_HUMAN	LRRN2_HUMAN	713	Query	-	784	0.00079	21.9	10.7	1	2	8.4e-05	0.54	12.4973878860474	3.92	428	513	97	182	72	194	0.62	Leucine-rich repeat neuronal protein 2		0
LRRN2_HUMAN	LRRN2_HUMAN	713	Query	-	784	0.00079	21.9	10.7	2	2	0.0013	8.2	8.59712696075439	0.17	433	523	198	289	184	305	0.82	Leucine-rich repeat neuronal protein 2		0
LRC38_HUMAN	LRC38_HUMAN	294	Query	-	784	0.0008	21.9	0.3	1	1	1.7e-07	0.0011	21.4122467041016	0.29	432	509	88	165	80	195	0.92	Leucine-rich repeat-containing protein 38		0
A2GL_HUMAN	A2GL_HUMAN	347	Query	-	784	0.00091	21.7	7.9	1	2	8.6e-06	0.056	15.7630767822266	1.68	404	508	120	224	94	227	0.87	Leucine-rich alpha-2-glycoprotein		0
A2GL_HUMAN	A2GL_HUMAN	347	Query	-	784	0.00091	21.7	7.9	2	2	3.2e-06	0.021	17.1899375915527	0.51	398	517	162	281	161	286	0.97	Leucine-rich alpha-2-glycoprotein		0
SLIK2_HUMAN	SLIK2_HUMAN	845	Query	-	784	0.001	21.5	18.3	1	3	0.00095	6.1	9.01704502105713	5.41	405	510	67	172	63	196	0.91	SLIT and NTRK-like protein 2		0
SLIK2_HUMAN	SLIK2_HUMAN	845	Query	-	784	0.001	21.5	18.3	2	3	0.002	13	7.9677882194519	0.02	523	588	356	420	345	426	0.90	SLIT and NTRK-like protein 2		0
SLIK2_HUMAN	SLIK2_HUMAN	845	Query	-	784	0.001	21.5	18.3	3	3	0.00033	2.2	10.512713432312	3.06	355	434	428	504	425	506	0.88	SLIT and NTRK-like protein 2		0
SLIK5_HUMAN	SLIK5_HUMAN	958	Query	-	784	0.0013	21.1	15.3	1	2	3.7e-06	0.024	16.982006072998	6.12	405	510	86	191	84	199	0.95	SLIT and NTRK-like protein 5		0
SLIK5_HUMAN	SLIK5_HUMAN	958	Query	-	784	0.0013	21.1	15.3	2	2	0.00077	5	9.31030368804932	1.71	419	513	428	522	416	556	0.89	SLIT and NTRK-like protein 5		0
PONL1_HUMAN	PONL1_HUMAN	512	Query	-	784	0.0017	20.7	7.7	1	2	0.00048	3.1	9.98820018768311	0.06	671	720	204	253	198	256	0.90	Podocan-like protein 1		0
PONL1_HUMAN	PONL1_HUMAN	512	Query	-	784	0.0017	20.7	7.7	2	2	1.6e-05	0.1	14.8676080703735	0.62	374	584	240	446	237	450	0.89	Podocan-like protein 1		0
NTRK3_HUMAN	NTRK3_HUMAN	839	Query	-	784	0.002	20.5	1.8	1	1	4.4e-07	0.0029	20.0243835449219	1.77	460	579	91	209	61	243	0.79	NT-3 growth factor receptor	3v5q_B	0
LRFN5_HUMAN	LRFN5_HUMAN	719	Query	-	784	0.0021	20.5	9.1	1	2	7.0e-07	0.0045	19.3815650939941	7.19	437	578	64	206	54	213	0.92	Leucine-rich repeat and fibronectin type-III domain-containing protein 5	5xwt_D	0
LRFN5_HUMAN	LRFN5_HUMAN	719	Query	-	784	0.0021	20.5	9.1	2	2	0.011	71	5.50100708007812	0.07	182	248	153	219	141	233	0.67	Leucine-rich repeat and fibronectin type-III domain-containing protein 5	5xwt_D	0
LRC26_HUMAN	LRC26_HUMAN	334	Query	-	784	0.0022	20.4	0.0	1	1	5.9e-07	0.0038	19.6274642944336	0.01	396	506	91	201	76	202	0.89	Leucine-rich repeat-containing protein 26		0
SLIK3_HUMAN	SLIK3_HUMAN	977	Query	-	784	0.0034	19.8	4.2	1	1	5.3e-07	0.0034	19.762186050415	4.23	410	535	87	212	80	229	0.91	SLIT and NTRK-like protein 3		0
LRC19_HUMAN	LRC19_HUMAN	370	Query	-	784	0.0038	19.6	5.5	1	1	1.0e-06	0.0064	18.8664493560791	5.55	379	484	52	157	48	166	0.97	Leucine-rich repeat-containing protein 19		0
LRTM2_HUMAN	LRTM2_HUMAN	370	Query	-	784	0.0043	19.5	4.3	1	1	1.2e-06	0.0075	18.6373748779297	4.29	396	502	88	194	80	200	0.97	Leucine-rich repeat and transmembrane domain-containing protein 2		0
OMD_HUMAN	OMD_HUMAN	421	Query	-	784	0.0075	18.6	12.5	1	2	2.5e-06	0.016	17.5374870300293	1.26	351	414	92	155	74	159	0.95	Osteomodulin	5yq5_B	0
OMD_HUMAN	OMD_HUMAN	421	Query	-	784	0.0075	18.6	12.5	2	2	0.0074	48	6.0695276260376	3.99	610	676	208	272	169	315	0.78	Osteomodulin	5yq5_B	0
