ID,Sequence,Start,Stop
P60029,MKAPIPHLILLYATFTQSLKVVTKRGSADGCTDWSIDIKKYQVLVGEPVRIKCALFYGYIRTNYSLAQSAGLSLMWYKSSGPGDFEEPIAFDGSRMSKEEDSIWFRPTLLQDSGLYACVIRNSTYCMKVSISLTVGENDTGLCYNSKMKYFEKAELSKSKEISCRDIEDFLLPTREPEILWYKECRTKTWRPSIVFKRDTLLIREVREDDIGNYTCELKYGGFVVRRTTELTVTAPLTDKPPKLLYPMESKLTIQETQLGDSANLTCRAFFGYSGDVSPLIYWMKGEKFIEDLDENRVWESDIRILKEHLGEQEVSISLIVDSVEEGDLGNYSCYVENGNGRRHASVLLHKRELMYTVELAGGLGAILLLLVCLVTIYKCYKIEIMLFYRNHFGAEELDGDNKDYDAYLSYTKVDPDQWNQETGEEERFALEILPDMLEKHYGYKLFIPDRDLIPTGTYIEDVARCVDQSKRLIIVMTPNYVVRRGWSIFELETRLRNMLVTGEIKVILIECSELRGIMNYQEVEALKHTIKLLTVIKWHGPKCNKLNSKFWKRLQYEMPFKRIEPITHEQALDVSEQGPFGELQTVSAISMAAATSTALATAHPDLRSTFHNTYHSQMRQKHYYRSYEYDVPPTGTLPLTSIGNQHTYCNIPMTLINGQRPQTKSSREQNPDEAHTNSAILPLLPRETSISSVIW,1,542
Q9NZN1,MKAPIPHLILLYATFTQSLKVVTKRGSADGCTDWSIDIKKYQVLVGEPVRIKCALFYGYIRTNYSLAQSAGLSLMWYKSSGPGDFEEPIAFDGSRMSKEEDSIWFRPTLLQDSGLYACVIRNSTYCMKVSISLTVGENDTGLCYNSKMKYFEKAELSKSKEISCRDIEDFLLPTREPEILWYKECRTKTWRPSIVFKRDTLLIREVREDDIGNYTCELKYGGFVVRRTTELTVTAPLTDKPPKLLYPMESKLTIQETQLGDSANLTCRAFFGYSGDVSPLIYWMKGEKFIEDLDENRVWESDIRILKEHLGEQEVSISLIVDSVEEGDLGNYSCYVENGNGRRHASVLLHKRELMYTVELAGGLGAILLLLVCLVTIYKCYKIEIMLFYRNHFGAEELDGDNKDYDAYLSYTKVDPDQWNQETGEEERFALEILPDMLEKHYGYKLFIPDRDLIPTGTYIEDVARCVDQSKRLIIVMTPNYVVRRGWSIFELETRLRNMLVTGEIKVILIECSELRGIMNYQEVEALKHTIKLLTVIKWHGPKCNKLNSKFWKRLQYEMPFKRIEPITHEQALDVSEQGPFGELQTVSAISMAAATSTALATAHPDLRSTFHNTYHSQMRQKHYYRSYEYDVPPTGTLPLTSIGNQHTYCNIPMTLINGQRPQTKSSREQNPDEAHTNSAILPLLPRETSISSVIW,1,542
Q7YQL9,MKAPIPHLILLYATFTQSLKVVTKRGSADGCTDWSIDIKKYQVLVGEPVRIKCALFYGYIRTNYSLAQSAGLSLMWYKSSGPGDFEEPIAFDGSRMSKEEDSIWFRPTLLQDSGLYACVIRNSTYCMKVSISLTVGENDTGLCYNSKMKYFEKAELSKSKEISCRDIEDFLLPTREPEILWYKECRTKTWRPSIVFKRDTLLIREVREDDIGNYTCELKYGGFVVRRTTELTVTAPLTDKPPKLLYPVESKLTIQETQLGDSANLTCRAFFGYSGDVSPLIYWMKGEKFIEDLDENRVWESDIRILKEHLGEQEVSISLIVDSVEEGDLGNYSCYVENGNGRRHASVLLHKRELMYTVELAGGLGAILLLLVCLVTIYKCYKIEIMLFYRNHFGAEELDGDNKDYDAYLSYTKVDPDQWNQETGEEERFALEILPDMLEKHYGYKLFIPDRDLIPTGTYIEDVARCVDQSKRLIIVMTPNYVVRRGWSIFELETRLRNMLVTGEIKVILIECSELRGIMNYQEVEALKHTIKLLTVIKWHGPKCNKLNSKFWKRLQYEMPFKRIEPITHEQALDVSEQGPFGELQTVSAISMAAATSTALATAHPDLRSTFHNTYHSQMRQKHYYRSYEYDVPPTGTLPLTSIGNQHTYCNIPMTLINGQRPQTKSSREQNPDEAHTNSAILPLLPRETSISSVIW,1,542
P59824,MKAPIPHLILLYATFTQSLKVVTKRGSADGCTDWSVDIKKYQVLVGEPVRIKCALFYGYIRTNYTLAQSAGLSLMWYKSSGPGDFEEPIAFDGSRMSKEEDSIWFRPTLLQDSGLYACVIRNSTYCMKVSISLTVGENDTGLCYNSKMKYFEKAELSKSKEISCRDIEDFLLPTREPEILWYKECRTKTWRPSIVFKRDTLLIKEVKEDDIGNYTCELKYGGFVVRRTTELTVTAPLTDKPPKLLYPMESKLTIQETQLGGSANLTCRAFFGYSGDVSPLIYWMKGEKFIEDLDENRVWESDIRILKEHLGEQEVSISLIVDSVEEGDLGNYSCYVENGNGRRHASVLLHKRELMYTVELAGGLGAILLLLVCSVTIYKCYKIEIMLFYRNHFGAEELDGDNKDYDAYLSYTKVDPDQWNQETGEEERFALEILPDMLEKHYGYKLFIPDRDLIPTGTYIEDVARCVDQSKRLIIVMTPNYVVRRGWSIFELETRLRNMLVTGEIKVILIECSELRGIMNYQEVEALKHTIKLLTVIKWHGPKCNKLNSKFWKRLQYEMPFKRIEPITHEQALDVSEQGPFGELQTVSAISMAAATSTALATAHPDLRSTFHNTYHSQMRQKHYYRSYEYDVPPTGTLPLTSIGNQHTYCNIPMTLINGQRPQTKSSREPNPDEAHTNSAILPLLARETSISSVIW,1,542
P59823,MKAPIPHLILLYATFTQSLKVVTKRGSADGCTDWSVDIKKYQVLVGEPVRIKCALFYGYIRTNYSLAQSAGLSLMWYKSSGPGDFEEPIAFDGSRMSKEEDSIWFRPTLLQDSGLYACVIRNSTYCMKVSISLTVGENDTGLCYNSKMKYFEKAELSKSKEISCRDIEDFLLPTREPEILWYKECRTKAWRPSIVFKRDTLLIKEVKEDDIGNYTCELKYGGFVVRRTTELTVTAPLTDKPPKLLYPMESKLTVQETQLGGSANLTCRAFFGYSGDVSPLIYWMKGEKFIEDLDENRVWESDIRILKEHLGEQEVSISLIVDSVEEGDLGNYSCYVENGNGRRHASVLLHKRELMYTVELAGGLGAILLLLICSVTIYKCYKIEIMLFYRNHFGAEELDGDNKDYDAYLSYTKVDPDQWNQETGEEERFALEILPDMLEKHYGYKLFIPDRDLIPTGNIEDVARCVDQSKRLIIVMTPNYVVRRGWSIFELETRLRNMLVTGEIKVILIECSELRGIMNYQEVEALKHTIKLLTVIKWHGPKCNKLNSKFWKRLQYEMPFKRIEPITHEQALDVSEQGPFGELQTVSAISMAAATSTALATAHPDLRSTFHNTYHSQMRQKHYYRSYEYDVPPTGTLPLTSIGNQHTYCNIPMTLINGQRPQTKSNREPNPDEAHTNSAILPLLPRETSISSVIW,1,541
P59822,MTLLWCVVSLYFYGILQSDASERCDDWGLDTMRQIQVFEDEPARIKCPLFEHFLKFNYSTAHSAGLTLIWYWTRQDRDLEEPINFRLPENRISKEKDVLWFRPTLLNDTGNYTCMLRNTTYCSKVAFPLEVVQKDSCFNSPMKLPVHKLYIEYGIQRITCPNVDGYFPSSVKPTITWYMGCYKIQNFNNVIPEGMNLSFLIAFISNNGNYTCVVTYPENGRTFHLTRTLTVKVVGSPKNAVPPVIHSPNDHVVYEKEPGEELLIPCTVYFSFLMDSRNEVWWTIDGKKPDDIPIDVTINESISHSRTEDETRTQILSIKKVTSEDLKRSYVCHARSAKGEVAKAATVKQKVPAPRYTVELACGFGATVLLVVILIVVYHVYWLEMVLFYRAHFGTDETILDGKEYDIYVSYARNAEEEEFVLLTLRGVLENEFGYKLCIFDRDSLPGGIVTDETLSFIQKSRRLLVVLSPNYVLQGTQALLELKAGLENMASQGNINVILVQYKAVKETKVKELKRAKTVLTVIKWKGEKSKYPQGRFWKQLQVAMPVKKSPRRSSSDEQGLSYSSLKNV,1,542
Q9NPH3,MTLLWCVVSLYFYGILQSDASERCDDWGLDTMRQIQVFEDEPARIKCPLFEHFLKFNYSTAHSAGLTLIWYWTRQDRDLEEPINFRLPENRISKEKDVLWFRPTLLNDTGNYTCMLRNTTYCSKVAFPLEVVQKDSCFNSPMKLPVHKLYIEYGIQRITCPNVDGYFPSSVKPTITWYMGCYKIQNFNNVIPEGMNLSFLIALISNNGNYTCVVTYPENGRTFHLTRTLTVKVVGSPKNAVPPVIHSPNDHVVYEKEPGEELLIPCTVYFSFLMDSRNEVWWTIDGKKPDDITIDVTINESISHSRTEDETRTQILSIKKVTSEDLKRSYVCHARSAKGEVAKAAKVKQKVPAPRYTVELACGFGATVLLVVILIVVYHVYWLEMVLFYRAHFGTDETILDGKEYDIYVSYARNAEEEEFVLLTLRGVLENEFGYKLCIFDRDSLPGGIVTDETLSFIQKSRRLLVVLSPNYVLQGTQALLELKAGLENMASRGNINVILVQYKAVKETKVKELKRAKTVLTVIKWKGEKSKYPQGRFWKQLQVAMPVKKSPRRSSSDEQGLSYSSLKNV,1,542
Q63621,MGLPWCLMSLFFCGILQSHASERCDDWGLDTMRQIQVFEDEPARIKCPLFEHFLKYNYSTAHSSGLTLIWYWTRQDRDLEEPINFRLPENRISKEKDVLWFRPTLLNDTGNYTCMLRNTTYCSKVAFPLEVVQKDSCFNSPMRLPVHRLYIEQGIHNITCPNVDGYFPSSVKPSVTWYKGCTEIVNFHNVQPKGMNLSFFIPLVSNNGNYTCVVTYLENGRLFHLTRTMTVKVVGSPKDAVPPHIYSPNDRVVYEKEPGEELVIPCKVYFSFIMDSHNEIWWTIDGKKPDDVPVDITIIESVSYSSTEDETRTQILSIKKVTPEDLKRNYVCHARNAEGEAEQAAKVKQKVIPPRYTVELACGFGATVFLVVVLIVVYHVYWLEMVLFYRAHFGTDETILDGKEYDIYVSYARNAEEEEFVLLTLRGVLENEFGYKLCIFDRDSFPGGIVTDETLSFIQKSRRLLVVLSPNYVLQGTQALLELKAGLENMASRGNINVILVQYKAVKDLKVKELKRAKSVLTVIKWKGEKSKYPQGRFWKQLQVAMPVKKSPRWSSSDKQGLSYSSLKNV,1,542
Q61730,MGLLWYLMSLSFYGILQSHASERCDDWGLDTMRQIQVFEDEPARIKCPLFEHFLKYNYSTAHSSGLTLIWYWTRQDRDLEEPINFRLPENRISKEKDVLWFRPTLLNDTGNYTCMLRNTTYCSKVAFPLEVVQKDSCFNSAMRFPVHKMYIEHGIHKITCPNVDGYFPSSVKPSVTWYKGCTEIVDFHNVLPEGMNLSFFIPLVSNNGNYTCVVTYPENGRLFHLTRTVTVKVVGSPKDALPPQIYSPNDRVVYEKEPGEELVIPCKVYFSFIMDSHNEVWWTIDGKKPDDVTVDITINESVSYSSTEDETRTQILSIKKVTPEDLRRNYVCHARNTKGEAEQAAKVKQKVIPPRYTVELACGFGATVFLVVVLIVVYHVYWLEMVLFYRAHFGTDETILDGKEYDIYVSYARNVEEEEFVLLTLRGVLENEFGYKLCIFDRDSLPGGIVTDETLSFIQKSRRLLVVLSPNYVLQGTQALLELKAGLENMASRGNINVILVQYKAVKDMKVKELKRAKTVLTVIKWKGEKSKYPQGRFWKQLQVAMPVKKSPRWSSNDKQGLSYSSLKNV,1,542
B6ZK77,MRSRVPLQILLYAAVIRSLKVVSKRGSVDGCTDWSVDYLRYRVLLGEPVRIKCALFYGYIRANYTHAQSAGLSLMWYRSATHTDHEEPITLDGTRTLKEEDALWFRPAQLQDSGHYSCVLRNSSYCMKVSMALTVAENSSGLCYNSKMRRLEKAELSKSKDILCPDIQDYTPAGSEPHVTWYKECRPKQWRSSIIRTADLLSIRDVREDDIGNYTCEIQFGRFLVRRTTELTVTAPLTDKPPKILQPPEHKLSVMELQLGGPVNLTCRAFFGYSGDVSPLIYWMKGEKFIEDLDETRIRESEIKMVREHLGEQEVSVSLTIDSLQEEDLGNYSCYVENGHGRRHAIIQLSRRELMYTVELAGGLGAILLMLIFLVSLYKCYRIELMLFYRNHFGSEDVDGENKDYDAYVSYTKVDPDQWSQETREEEHFALEILPDMLEKHYGYKLFIPDRDLIPTGTYIEDVARCVDQSKRLIIVMTPNYVVRRGWSIFELETRLRNMLVSGEIKVILIECSDLRGIMNYQEVEALKHTIKLLTVIRWPGPGSSKPNSRFWKQLQYEMPFRRPEPKLSHEQVLDASEQGPFGELQTVSALSMVSATSTAMATAHPDLRSGFHNTYNTQLRQKHYYRGYEYDIPSSGTLPPLATMGSQHTYCNIPMSLLNGQRPPGQPAHGQQQSLEEQQVNNALLPLLPRETSISSVIW,1,542
Q9ERS7,MGVTSLLFCGVFFLLLLFVAADTCEDIFMHNVIISEGQPFPFNCTYPPETNGAVNLTWYKTPSKSPVSNNRHLRVHQDQTWILFLPLTLEDSGIYQCVIRNAHNCYQIAVNLTVLKNHWCDSSMEGSPVNSPDVYQQILPIGKSGSLNCHLYFPESCALDSIKWYKGCEEIKAGKKYSPSGAKLLVNNVAVEDGGSYACSARLTHLGRHFTIRNYIAVNTKEVEYGRRIPNITYPKNNSIEVPLGSTLIVNCNITDTKENTNLRCWRVNNTLVDDYYKDSKRIQEGIETNVSLRDQIRYTVNITFLKVKMEDYGRPFTCHAGVSAAYIILIYPVPDFRAYLLGGLMAFLLLVVSVLFIYNSFKIDIMLWYRSAFHTAQAPDDEKLYDAYVLYPKYPRGSQGHDVDTLVLKILPEVLEKQCGYKLFIFGRDEFPGQAVASVIDENIKLCRRLMVFVAPESSSFGFLKNLSEEQIAVYNALIQHGMKVILIELEKVKDYSTMPESIQYIRQKHGAIQWDGDFTEQSQCAKTKFWKKVRYHMPPRRYPASSPVQLLGHIPCNCKAGKCNAATGLITP,1,542
Q62929,MGMPPLLFCWVSFVLPLFVAAGNCTDVYMHHEMISEGQPFPFNCTYPPVTNGAVNLTWHRTPSKSPISINRHVRIHQDQSWILFLPLALEDSGIYQCVIKDAHSCYRIAINLTVFRKHWCDSSNEESSINSSDEYQQWLPIGKSGSLTCHLYFPESCVLDSIKWYKGCEEIKVSKKFCPTGTKLLVNNIDVEDSGSYACSARLTHLGRIFTVRNYIAVNTKEVGSGGRIPNITYPKNNSIEVQLGSTLIVDCNITDTKENTNLRCWRVNNTLVDDYYNDFKRIQEGIETNLSLRNHILYTVNITFLEVKMEDYGHPFTCHAAVSAAYIILKRPAPDFRAYLIGGLMAFLLLAVSILYIYNTFKVDIVLWYRSTFHTAQAPDDEKLYDAYVLYPKYPRESQGHDVDTLVLKILPEVLEKQCGYKLFIFGRDEFPGQAVASVIDENIKLCRRLMVLVAPETSSFSFLKNLTEEQIAVYNALVQDGMKVILIELERVKDYSTMPESIQYIRQKHGAIQWDGDFTEQAQCAKTKFWKKVRYHMPPRRYPASPPVQLLGHTPRIPG,1,542
Q02955,MENMKVLLGFICLIVPLLSLETDKCTEYPNEVISFSSVNEIDIRSCPLTPNEMHGGTIIWYKNDSKTPISADKDSRIHQQNEHLWFVPAKMEDSGYYYCIMRNSTYCLKTKITMSVLENDPGLCYNTQASFIQRLHVAGDGSLVCPYLDFFKDENNELPKVQWYKNCKPLPLDDGNFFGFKNKLMVMNVAEEHRGNYTCRTSYTYQGKQYPVTRVITFITIDDSKRDRPVIMSPRNETMEADPGSTIQLICNVTGQFTDLVYWKWNGSEIEWDDPILAEDYQFLEHPSAKRKYTLITTLNVSEVKSQFYRYPFICFVKNTHILETAHVRLVYPVPDFKNYLIGGFAIFTATAVFCACIYKVFKVDIVLWYRDSCSDFLPRKASDGRTYDAYVLYPKTYGEGSFAYLDTFVFKLLPEVLEGQFGYKLFICGRDDYVGEDTIEVTNENVKRSRRLIIILVRDMGSFSCLGQSSEEQIAIYDALIREGIKIILLELEKIQDYEKMPESIQFIKQKHGAICWSGDFKERPQSAKTRFWKNLRYQMPAQRRSPLSKHHLLTLDPVLDTKEKLQAETHLPLG,1,542
P13504,MENMKVLLGLICLMVPLLSLEIDVCTEYPNQIVLFLSVNEIDIRKCPLTPNKMHGDTIIWYKNDSKTPISADRDSRIHQQNEHLWFVPAKVEDSGYYYCIVRNSTYCLKTKVTVTVLENDPGLCYSTQATFPQRLHIAGDGSLVCPYVSYFKDENNELPEVQWYKNCKPLLLDNVSFFGVKDKLLVRNVAEEHRGDYICRMSYTFRGKQYPVTRVIQFITIDENKRDRPVILSPRNETIEADPGSMIQLICNVTGQFSDLVYWKWNGSEIEWNDPFLAEDYQFVEHPSTKRKYTLITTLNISEVKSQFYRYPFICVVKNTNIFESAHVQLIYPVPDFKNYLIGGFIILTATIVCCVCIYKVFKVDIVLWYRDSCSGFLPSKASDGKTYDAYILYPKTLGEGSFSDLDTFVFKLLPEVLEGQFGYKLFIYGRDDYVGEDTIEVTNENVKKSRRLIIILVRDMGGFSWLGQSSEEQIAIYNALIQEGIKIVLLELEKIQDYEKMPDSIQFIKQKHGVICWSGDFQERPQSAKTRFWKNLRYQMPAQRRSPLSKHRLLTLDPVRDTKEKLPAATHLPLG,1,542
Q62611,MIGKWRMGLWALAILTVPMYFIVTEGRKTSWGLENEALIVRCPQRGGAINPVEWYYSNTNERIPTQKRNRIFVSRDRLKFLPAKVEDSGIYTCVIRSPESIKTGSLNVTIYKRPPNCKIPDYMMYSTVDGSDKNSKITCPTIALYNWTAPVQWFKNCKALQGPRFRAHMSYLFIDKVSHVDEGDYTCRFTHTENGTNYIVTATRSFTVEEKGFSTFPVITNPPHNYTVEVEIGKTANIACSACFGTASQFVAVLWQINKTRIGSFGKARIQEEKGPNKSSSNGMICLTSLLRITGVTDKDFSLKYDCVAMNHHGVIRHPVRLRRKQPIDHQSTYYIVAGCSLLLMFINVLVIVLKVFWIEVALFWRDIMAPYKTQNDGKLYDAYIIYPRVFRGSAAGTGSVEYFVHYTLPDVLENKCGYKLCIYGRDLLPGQDAATVVESSIQNSRRQVFVLAPHMMHSKEFAYEQEIALHSALIQNNSKVILIEMEPMGEASRLQLGDLQDSLQHLVKMQGTIKWREDHVADKQSLSSKFWKHVRYQMPVPKRPPKMASVAAPLSGKVCLDLKHF,1,542
P14719,MIDRQRMGLWALAILTLPMYLTVTEGSKSSWGLENEALIVRCPQRGRSTYPVEWYYSDTNESIPTQKRNRIFVSRDRLKFLPARVEDSGIYACVIRSPNLNKTGYLNVTIHKKPPSCNIPDYLMYSTVRGSDKNFKITCPTIDLYNWTAPVQWFKNCKALQEPRFRAHRSYLFIDNVTHDDEGDYTCQFTHAENGTNYIVTATRSFTVEEKGFSMFPVITNPPYNHTMEVEIGKPASIACSACFGKGSHFLADVLWQINKTVVGNFGEARIQEEEGRNESSSNDMDCLTSVLRITGVTEKDLSLEYDCLALNLHGMIRHTIRLRRKQPIDHRSIYYIVAGCSLLLMFINVLVIVLKVFWIEVALFWRDIVTPYKTRNDGKLYDAYIIYPRVFRGSAAGTHSVEYFVHHTLPDVLENKCGYKLCIYGRDLLPGQDAATVVESSIQNSRRQVFVLAPHMMHSKEFAYEQEIALHSALIQNNSKVILIEMEPLGEASRLQVGDLQDSLQHLVKIQGTIKWREDHVADKQSLSSKFWKHVRYQMPVPERASKTASVAAPLSGKACLDLKHF,1,543
B2LT65,MPRALWTAWVWAVISVFTEGASDQASSLSCDPTGVCDGHSRSLNSIPSGLTASVKSLDLSDNEITYVGNRDLQRCVNLKTLRLGANEIHTVEEDSFFHLRNLEYLDLSYNRLSNLSSSWFRSLYVLKFLNLLGNLYKTLGETSLFSHLPNLRTLKVGNSNSFTQIHEKDFTGLTFLEELEISAQNLQLYVPKSLKSIQNISHLILHLRQPVLLLDILIDIVSSLDYLELRDTNLHTFYFSEASISEINTSVKKLTFRNVQFTDDSFVEVVKLFNYVSGILEVEFDDCTHDGVGDFTALTLNRIRYLGNVETLTIRKLHIPQFFLFYDLSSIYPLTGKVKRVTIENSKVFLVPCLLSQHLKSLEYLDLSENLMSEETLKNSACEHAWPVLQTLVLRQNRLKSLEKTGELLLTLKNLNNLDISKNNFLSMPETCQWPGKMKQLNLSSTRIHSLTQCLPQTLEILDVSNNNLDSFSLILPQLKELYISRNKLKTLPDASFLPVLSVMRISGNIINTFSKEQLDSFPQLKALEAGGNNFICSCDFLSFAQGQQALARVLVDWPDGYRCDAPSHVRGQRVQDARLSLSECHRAAVVSAVCCALFLLLLLTGVLCHRFHGLWYMKMMWAWLQAKRKPRKAPRRDLCYDAFVSYSERDSYWVENLMVQELEHFNPPFKLCLHKRDFVPGKWIIDNIIDSIEKSRKTIFVLSESFVRSEWCKYELDFSHFRLFDENNDAAILILLEPIDKKAVPQRFCKLRKIMNTRTYLEWPTDETHREAFWLNLRAAIRS,1,541
Q0GC71,MPRALWTAWVWAVIILSMEGASHQASSLSCDPTGVCDGHSRSLNSIPSGLTDGVKSLDLSNNEITYVSNRDLQRCVNLKTLRLGANEIHTVEEDSFFHLRNLEYLDLSYNRLSNLSSSWFRSLYALKFLNLLGNVYKTLGETSLFSHLPNLRTLKVGNSNSFTEIHEKDFTGLIFLEELEISAQNLQIYVPKSLKSIQNISHLILHLKQPVLLVDILVDIVSSLDCLELRDTNLHTFHFSEASISEMNTSVKKLIFRNVQFTDESFVEVVKLFNYVSGILEVEFDDCTHDGIGDFRALSLDRIRHLGNVETLTIRKLHIPQFFLFHDLSSIYPLTGKVKRVTIESSKVFLVPCLLSQHLKSLEYLDLSENLMSEETLKNSACKDAWPFLQTLVLRQNRLKSLEKTGELLLTLKNLNNLDISKNNFLSMPETCQWPGKMKQLNLSSTRIHSLTQCLPQTLEILDVSNNNLDSFSLILPQLKELYISRNKLKTLPDASFLPVLSVMRISGNIINTFSKEQLDSFPQLKALEAGGNNFICSCDFLSFTQGQQALARVLVDWPDGYRCDAPSHVRGQRVQDARLSLSECHRAAVVSAVCCALFLLLLLTGVLCHRFHGLWYMKMMWAWLQAKRKPRKAPRRDLCYDAFVSYSEQDSYWVENLMVQELEHFNPPFKLCLHKRDFVPGKWIIDNIIDSIEKSRKTIFVLSENFVRSEWCKYELDFSHFRLFDENNDAAILILLEPIDKKAIPQRFCKLRKIMNTKTYLEWPTDETQQEAFWLNLRAAIRS,1,541
Q9NP60,MKPPFLLALVVCSVVSTNLKMVSKRNSVDGCIDWSVDLKTYMALAGEPVRVKCALFYSYIRTNYSTAQSTGLRLMWYKNKGDLEEPIIFSEVRMSKEEDSIWFHSAEAQDSGFYTCVLRNSTYCMKVSMSLTVAENESGLCYNSRIRYLEKSEVTKRKEISCPDMDDFKKSDQEPDVVWYKECKPKMWRSIIIQKGNALLIQEVQEEDGGNYTCELKYEGKLVRRTTELKVTALLTDKPPKPLFPMENQPSVIDVQLGKPLNIPCKAFFGFSGESGPMIYWMKGEKFIEELAGHIREGEIRLLKEHLGEKEVELALIFDSVVEADLANYTCHVENRNGRKHASVLLRKKDLIYKIELAGGLGAIFLLLVLLVVIYKCYNIELMLFYRQHFGADETNDDNKEYDAYLSYTKVDQDTLDCDNPEEEQFALEVLPDVLEKHYGYKLFIPERDLIPSGTYMEDLTRYVEQSRRLIIVLTPDYILRRGWSIFELESRLHNMLVSGEIKVILIECTELKGKVNCQEVESLKRSIKLLSLIKWKGSKSSKLNSKFWKHLVYEMPIKKKEMLPRCHVLDSAEQGLFGELQPIPSIAMTSTSATLVSSQADLPEFHPSDSMQIRHCCRGYKHEIPATTLPVPSLGNHHTYCNLPLTLLNGQLPLNNTLKDTQEFHRNSSLLPLSSKELSFTSDIW,1,541
B2LT62,MPRALWTAWVWAVISAFTEGASDQASSLSCDPTGVCDGHSRSLNSIPSGLTAGVKSLDLSDNEITYVGNRDLQRCVNLKTLRLGANEIHTVEEDSFFHLRNLEYLDLSYNRLSNLSSSWFRSLYVLKFLNLLGNLYKTLGETSLFSHLPNLRTLKVGNSNSFTQIHEKDFTGLTFLEELEISAQNLQLYVPKSLKSIQNISHLILHLKQPVLLLDILIDIVSSLDYLELRDTNLHTFYFSEASISEINTSVKKLIFRNVQFTDESFVEVVKLFNYVSGILEVEFDDCTHDGIGDFTALTLNRIRYLGNVETLTIRKLHIPQFFLFYDLSSIYPLTGKVKRVTIENSKVFLVPCLLSQHLKSLEYLDLSENLMSEETLRNSACEHAWPFLQTLVLRQNRLKSLEKTGELLLTLKNLNNLDISKNNFLSMPETCQWPGKMKQLNLSSTRIHSLTQCLPQTLEILDVSNNNLDSFSLILPQLKELYISRNKLKTLPDASFLPVLSVMRISGNIINTFSKEQLDSFPQLKALEAGGNNFICSCDFLSFTQGQQALARVLVDWPDGYRCDAPSHVRGQRVQDARLSLSECHRAAVVSAVCCALFLLLLLTGVLCHRFHGLWYMKMMWAWLQAKRKPRKAPRRDLCYDAFVSYSEQDSYWVENLMVQELEHFNPPFKLCLHKRDFVPGKWIIDNIIDSIEKSRKTIFVLSENFVRSEWCKYELDFSHFRLFDENNDAAILILLEPIDKKAIPQRFCKLRKIMNTKTYLEWPTDETQQEAFWLNLRAAIRS,1,541
B5T267,MPRALWTAWVWAVIILSTEGASDQASSLSCDPTGVCDGHSRSLNSIPSGLTAGVKSLDLSNNEITYVSNRDLQRCVNLKTLRLGANEIHTVEEDSFFHLRNLEYLDLSYNRLSNLSSSWFRSLYVLKFLNLLGNLYKTLGETSLFSHLPNLRTLKVGNSNSFTEIHEKDFTGLTFLEELEISAQNLQIYVPKSLKSIQNISHLILHLKQPVLLVDILVDIVSSLDCLELRDTNLHTFHFSEASISEMSTSVKKLIFRNVQFTDESFVEVVKLFNYVSGILEVEFDDCTHDGIGDFRALSLDRIRHLGNVETLTIRKLHIPQFFLFQDLSSIYPLTGKVKRVTIENSKVFLVPCLLSQHLKSLEYLDLSENLMSEETLKNSACKDAWPFLQTLVLRQNRLKSLEKXGELLLTLENLNSLDISKNNFLSMPETCQWPGKMKQLNLSSTRIHSLTQCLPQTLEILDVSNNNLDSFSLILPQLKELYISRNKLKTLPDASFLPVLXVMRISRNIINTFSKEQLDSFQQLKTLEAGGNNFICSCDFLSFTQGQQALGRVLVDWPDDYHCDSPSHVRGQRVQDARLSLSECHRAAVVSAACCALFLLLLLMGVLCHRFHGLWYMKMMWAWLQAKRKPRKAPRRDICYDAFVSYSERDSYWVENLMVQELEQFNPPFKLCLHKRDFIPGKWIIDNIIDSIEKSHKTIFVLSENFVKSEWCKYELDFSHFRLFDENNDAAILILLEPIDKKAIPQRFCKLRKIMNTKTYLEWPVDETQQEGFWLNLRAAIRS,1,541
Q9ERS6,MKLPLLLALVVCSAVSTNLKMVSKRNSVDGCIDWSVDLKTYMALAGEPVRVKCALFYSYIRTNYSMAQSTGLRLMWYRNKGDLEEPIIFSEVRMSKEEDAIWFHSAEEQDSGFYTCVLRNSTYCMKVSMSLTVAENESGLCYNSRIRYLEKSEVTKRKEISCPDMDDFKKSDQEPDVVWYKECKPKMWRSIIIQKGNALLIQEVQEEDGGNYTCELKYEGKLVRRTTELKVTALLTDKPPKPLFPMENQPSVIDVQLGKPLNIPCKAFFGFSGESGPMIYWMKGEKFIEELAGHIREGEIRLLKEHLGEKEVELTLIFDSVVEADLANYTCHVENRNGRKHASVLLRKKDLIYKIELAGGLGAIFLLLILLLVVYKCYNIELMLFYRQRFGGDETTDDNKEYDAYLSYTKVDQDTLDCDNTEEEQFALEILPDVLEKHYGYKLFIPERDLIPSGTYIEDLTRCVEQSRRLIIVLTPDYILRRGWSIFELESRLHNMLVSGEIKVILIECTELKGKVNCQEVESLKHNIKLLSLIKWKGPKSSKLNSKFWKHLVYEMPIKKKEMLSHCHVLDSAEQGLFGELQPIPSIAMTSTSATMVPSQADLPEFHHSDSMQMRHCCRGYQHEMPANTLSVPSLGNHHTYCNLPLTLLNGQLPLNNSLKETEEFSRNNPLLPLTSKELSFTSDIW,1,541
B2LT61,MPRALWTAWVWAXIILSTEGASDQASSLSCDSTGVCDGHSRSLNSIPSGLTAGVKSLDLSNNEITYVGNRDLQRCVNLKTLRLGANEIHTVEEDSFFHLRNLEYLDLSYNRLSNLSSSWFRSLYVLKFLNLLGNLYKTLGETSLFSHLPNLXTLKVGNSNSFTEIHEKDFTGLTFLEELEISAQNLQIYVPKSLKSIQNISHLILHLKQPVLLVDILVDIVSSLDCLELRDTNLHTFHFSEASISEMSTSVKKLIFRNVQFTDESFVEVVKLFNYVSGILEVEFDDCTHDGIGDFRALSLDRIRHLGNVETLTIRKLHIPQFFLFHDLSSIYPLTGKVKRVTIENSKVFLVPCLLSQHLKSLEYLDLSENLMSEETLKNSACKDAWPFLQTLVLRQNRLKSLEKTGELLLTLENLNSLDISKNNFLSMPETCQWPGKMKQLNLSSTRIHSLTQCLPQTLEILDVSNNNLDSFSLILPQLKELYISRNKLKTLPDASFLPVLSVMRISRNIINTFSKEQLDSFQQLKTLEAGGNNFICSCDFLSFTQGQQALGRVLVDWPDDYRCDSPSHVRGQRVQDARLSLSECHRAAVVSAACCALFLVLLLTGVLCHRFHGLWYMKMMWAWLQAKRKPRKAPRRDICYDAFVSYSERDSYWVENLMVQELEQFNPPFKLCLHKRDFIPGKWIIDNIIDSIEKSHKTIFVLSENFVXSEWCKYELDFSHFRLFDENNDAAILILLEPIDKKAIPQRFCKLRKIMNTKTYLEWPVDETQQEGFWLNLRAAIRS,1,541
Q95LA9,MPRALWTAWVWAVIILSTEGASDQASSLSCDPTGVCDGHSRSLNSIPSGLTAGVKSLDLSNNDITYVGNRDLQRCVNLKTLRLGANEIHTVEEDSFFHLRNLEYLDLSYNRLSNLSSSWFRSLYVLKFLNLLGNLYKTLGETSLFSHLPNLRTLKVGNSNSFTEIHEKDFTGLTFLEELEISAQNLQIYVPKSLKSIQNISHLILHLKQPILLVDILVDIVSSLDCFELRDTNLHTFHFSEASISEMSTSVKKLIFRNVQFTDESFVEVVKLFNYVSGILEVEFDDCTHDGIGDFRALSLDRIRHLGNVETLTIRKLHIPQFFLFHDLSSIYPLTGRVKRVTIENSKVFLVPCLLSQHLKSLEYLDLSENLMSEETLKNSACKDAWPFLQTLVLRQNRLKSLEKTGELLLTLENLNNLDISKNNFLSMPETCQWPGKMKQLNLSSTRIHSLTQCLPQTLEILDVSNNNLDSFSLILPQLKELYISRNKLKTLPDASFLPVLSVMRISRNIINTFSKEQLDSFQQLKTLEAGGNNFICSCDFLSFTQGQQALGRVLVDWPDDYRCDSPSHVRGQRVQDARLSLSECHRAAVVSAACCALFLLLLLTGVLCHRFHGLWYMKMMWAWLQAKRKPRKAPRRDICYDAFVSYSERDSYWVENLMVQELEHFNPPFKLCLHKRDFIPGKWIIDNIIDSIEKSHKTIFVLSENFVKSEWCKYELDFSHFRLFDENNDAAILILLEPIDKKAIPQRFCKLRKIMNTKTYLEWPVDETQQEGFWLNLRAAIRS,1,541
Q2PZH4,MPRALWTAWVWAVIILSMEGASHQASSLSCDPTGVCDGHSRSLNSIPSGLTDGVKSLDLSNNEITYVSNRDLQRCVNLKTLRLGANEIHTVEEDSFFHLRNLEYLDLSYNRLSNLSSSWFRSLYALKFLNLLGNVYKTLGETSLFSHLPNLRTLKVGNSNSFTEIHEKDFTGLIFLEELEISAQNLQIYVPKSLKSIQNISHLILHLKQPVLLVDILVDIVSSLDCLELRDTNLHTFHFSEASISEMNTSVKKLIFRNVQFTDESFVEVVKLFNYVSGILEVEFDDCTHDGIGDFRALSLDRIRHLGNVETLTIRKLHIPQFFLFHDLSSIYPLTGKVKRVTIESSKVFLVPCLLSQHLKSLEYLDLSENLMSEETLKNSACKDAWPFLQTLVLRQNRLKSLEKTGELLLTLENLNNLDISKNNFLSMPETCRWPGKMKQLNLSSTRVHSLTQCLPQTLEILDVSNNNLDSFSLILPQLKELYISRNKLKTLPDASFLPVLSVMRISRNIINTFSKEQLDSFQQLKTLEAGGNNFICSCDFLSFTQGQQALGRVLVDWPAEYRCDSPSHVRGQRVQDARLSLSECHRAAVVSAACCALFLLLLLTGVLCHRFHGLWYMKMMWAWLQAKRKPRKAPRRDICYDAFVSYSEQDSYWVENLMVQELEHFNPPFKLCLHKRDFIPGKWIIDNIIDSIEKSHKTIFVLSENFVKSEWCKYELDFSHFRLFDENNDAAILILLEPIDKKAIPQRFCKLRKIMNTKTYLEWPVDETQQEGFWLNLRAAIRS,1,541
Q2V897,MPRALWPAWVWAIIILSMEGASDKASSLSCDPTGVCDGRSRSLNSIPSGLTAGVKSLDLSNNEITYVGNRDLQRCVNLKTLRLGANEIHTVEEDSFFHLRNLEYLDLSYNRLSNLSSSWFRSLYVLKFLNLLGNLYKTLGETSLFSHLPDLRTLKVGNSNSFTEIHEKDFTGLTFLEELEISAQNLQIYVPKSLKSIQNISHLILHLKQPVLLVDILVDIVSSLDCLELRDTNLHTFHFSEASISEMSTSVKKLIFRNVQFTDESFVEVVKLFNYVSGIVEVEFDDCTHDGIGDFRALSLDRIRHLGNVETLTIRKLHIPQFFLFQDLSSIYPLTGKVKRVTIENSKVFLVPCLLSQHLKSLEYLDLSENLMSEETLKNSACKDAWPFLQTLVLRQNRLKSLEKTGELLLTLKNLNNLDISKNNFLSMPETCQWPGKMKQLNLSSTKIRSLTQCLPQTLEILDVSNNNLDSFSLILPQLKELYISRNKLKTLPDASFLPVLSVMGISKNIINTFSKEQLDSFQQLKTLEAGGNNFICSCDFLSFTQGQQALGRVLVDWPDDYRCDSPSHVRGQRLQDARLSLSECHRAAVVSAACCALFLFLLLTGVLCHRFHGLWYMKIMWAWLQAKRKPRKAPRRDICYDAFVSYSERDSYWVENLMVQELEHFNPPFKLCLHKRDFIPGKWIIDNIIDSIEKSHKTIFVLSENFVKSEWCKYELDFSHFRLFDENNDAVILILLEPIDKKAIPQRFCKLRKIMNTKTYLEWPLDETQQEGFWLNLRAAIRS,1,541
B2LT64,MPRALWTAWVWAVISLSTEGASDQASSLSCDPTGVCDGHSRSLNSIPSGLTAGVKSLDLSNNEITHVGNRDLQSCVNLKTLRLGANEIHTVEEDSFFHLRSLEYLDLSYNRLSNLSSSWFRSLYVLKFLNLLGNLYRTLGETSLFSHLSNLRTLKVGNSNSFTEIHEKDFTGLTFLEELEISARNLQIYAPKSLKSIQNISHLILHLKQPVLLLDILVDIVSSLDYLELRDTNLHTFHFSEASISEMNTSVKKLIFRNVQFTDESFVEVVKLFNYVSGISEVEFDDCTHDGIGDFRALALERTRYLGNVETLTIRKLHIPQFFLFQDLSSIYSLTGKVKRVTIENSKVFLVPCLLSQHLKSLEYLDLSENLMSEETLKNSACEHAWPFLQTLVLRQNRLKSLEKTGELLLTLKNLTNLDISKNNFLSMPETCQWPGKMKQLNLSSTRIHSLTHCLPQTLEILDVSSNNLDSFSLILPQLKELYISRNKLKTLPDASFLPVLSVMRISRNIINTFSKEQLDSFQQLKTLEAGGNNFICSCDFLSFMQGQQALARVLADWPDDYWCDSPSHVRGQRVRDARLTLSECHRTAVVSAVCCALFLLLLLTGVLCHRLHGLWYMKMMWAWLQAKRKPRKAPRRDICYDAFVSYSERDSYWVENLMVRELEHFDPPFKLCLHKRDFIPGKWIIDNIIDSIEKSHKTIFVLSENFVKSEWCKYELDFSHFRLFDENNDAAILILLEPIDKKAIPQRFCKLRKVMNTKTYLEWPMDETQQEGFWLNLRAAVRS,1,541
Q9Y2C9,MTKDKEPIVKSFHFVCLMIIIVGTRIQFSDGNEFAVDKSKRGLIHVPKDLPLKTKVLDMSQNYIAELQVSDMSFLSELTVLRLSHNRIQLLDLSVFKFNQDLEYLDLSHNQLQKISCHPIVSFRHLDLSFNDFKALPICKEFGNLSQLNFLGLSAMKLQKLDLLPIAHLHLSYILLDLRNYYIKENETESLQILNAKTLHLVFHPTSLFAIQVNISVNTLGCLQLTNIKLNDDNCQVFIKFLSELTRGSTLLNFTLNHIETTWKCLVRVFQFLWPKPVEYLNIYNLTIIESIREEDFTYSKTTLKALTIEHITNQVFLFSQTALYTVFSEMNIMMLTISDTPFIHMLCPHAPSTFKFLNFTQNVFTDSIFEKCSTLVKLETLILQKNGLKDLFKVGLMTKDMPSLEILDVSWNSLESGRHKENCTWVESIVVLNLSSNMLTDSVFRCLPPRIKVLDLHSNKIKSVPKQVVKLEALQELNVAFNSLTDLPGCGSFSSLSVLIIDHNSVSHPSADFFQSCQKMRSIKAGDNPFQCTCELREFVKNIDQVSSEVLEGWPDSYKCDYPESYRGSPLKDFHMSELSCNITLLIVTIGATMLVLAVTVTSLCIYLDLPWYLRMVCQWTQTRRRARNIPLEELQRNLQFHAFISYSEHDSAWVKSELVPYLEKEDIQICLHERNFVPGKSIVENIINCIEKSYKSIFVLSPNFVQSEWCHYELYFAHHNLFHEGSNNLILILLEPIPQNSIPNKYHKLKALMTQRTYLQWPKEKSKRGLFWANIRAAFNMKLTLVTENNDVKS,1,546
B6ZK76,MTALNPVLFLLCGVSVSLSLKVVSKRGSVDGCTDWSVDYLKYRVLHGEPVRIKCALFYGYIRANYTQAQSIGLSLMWYRSSGLGHGDFEEPISFDGTRMSKEEDAIWFRPAELQDAGLYSCVLRNSTFCMKVSMTLLVADNDTAGCYNSKLRYTEKGELGKSKDISCPDIQDYVQPGEKPQITWYKECNVQQWRSSVLQTADLLAIQDVREDDIGNYTCELLFGGFLVRRTTYLSVTAPLTEEPPRILFPSENKLLAMDVQLGSMLNLTCRAFFGYSGDISPLVYWMKGEKFIEDMDQSRIRESEIKTVREHLGEQEVSITLTIDSLEEVDLGNYSCYAENGNGRRQANVQIGKRVELMYTVELAGGLGAILLLLALLLSVYKCYRIELLLCYRHHFGGEDTDGDNKEYDAYLSYSKVELDQWGQELQEEERFALEILPDVLEKHYGYKLFIPDRDLIPTSTYIEDVSRCVDMSKRLIIVLTPSYVLRRGWSIFELESRLRNSLVSGDIKVILIECADLRGVINYQEVEELKQSIKCLSVVHWNGPQSNKPGSRFWKQLRYTMPYRRPQQTITNHALDTSEPGPFADLQTVSAISMATATSAALAPAHPELRPSLRSSYRSHSLARQKHSHYRSYDYELPFTAGGTLPPQHTYCNLPLTLLNGQRPVNNKTLRQHSLDEHHGNNAMLPLLPRETSISSVIW,1,541
Q9HB29,MWSLLLCGLSIALPLSVTADGCKDIFMKNEILSASQPFAFNCTFPPITSGEVSVTWYKNSSKIPVSKIIQSRIHQDETWILFLPMEWGDSGVYQCVIKGRDSCHRIHVNLTVFEKHWCDTSIGGLPNLSDEYKQILHLGKDDSLTCHLHFPKSCVLGPIKWYKDCNEIKGERFTVLETRLLVSNVSAEDRGNYACQAILTHSGKQYEVLNGITVSITERAGYGGSVPKIIYPKNHSIEVQLGTTLIVDCNVTDTKDNTNLRCWRVNNTLVDDYYDESKRIREGVETHVSFREHNLYTVNITFLEVKMEDYGLPFMCHAGVSTAYIILQLPAPDFRAYLIGGLIALVAVAVSVVYIYNIFKIDIVLWYRSAFHSTETIVDGKLYDAYVLYPKPHKESQRHAVDALVLNILPEVLERQCGYKLFIFGRDEFPGQAVANVIDENVKLCRRLIVIVVPESLGFGLLKNLSEEQIAVYSALIQDGMKVILIELEKIEDYTVMPESIQYIKQKHGAIRWHGDFTEQSQCMKTKFWKTVRYHMPPRRCRPFPPVQLLQHTPCYRTAGPELGSRRKKCTLTTG,1,541
Q0ZUL9,MTKDKEPIVKNFHLVCIVTLIVGTIIQFSDADEFAIDMSKTGLTHVPKDLPPKTKVLDMSQNYLSELQISDISFLSGLKILVLSHNRLQLLDLSVFKFNQDLEYLDLSHNQLKKMSCHPFVNLKHLDLSFNDFDSLPICKEFGNLTQLDFLGLSATKLQQLDLLPIAHLHLNCILLDLKGYYVKQNETESLQILNTKKLHLVFHTGSFFSVQVNMSVNTLGCLEMTNIKLNDKNCYFLMKFLLELTKGPSLLNFTLNHMETTWKCLVRVFQFLWTKPVEYLNIYNLTIVDDINKEYFIYCKTALKALKIEHITKTVFIFSWSSLYTLFSEMNIMMLSITDTPFIHMLCPKTRSTFKFLDFTQNVFTDSIFENCSTLVELETLILQKNGLKDLFKIGLMTKGMPSLEILDLSWNSLVFNRQRKCIWVGSILMLNMSSNLLTDLVFRCLPPRVTVLDLHNNRIMSIPKDVTSLETLQELNIAFNSLTDLPGCGTFSSLSVLIIDYNLISHPSTDFIQSCQNITSIKAGKNPFQCTCDLREFIKTISQMSSEVVKDWPDSYKCDYPESYKGTLLQDFHISQLSCSTSLLTVTIGATMLVLVVTVTFLCIYLDLPWYIRMVYQWTQTRRRARNIPLEELQRTLQFHAFISYSGHDSAWVKTELLPNLEKEDIQICLHERNFVPGKSIIENIINFIEKSYKSIFVLSPNFVQSEWCHYELYFAHHNLFHEAFDNLILILLEPIPQYSIPNNYHKLKSLIAQRTYLEWPKEKSKHGLFWANLRAAINIKLMEEKK,1,533
P14778,MKVLLRLICFIALLISSLEADKCKEREEKIILVSSANEIDVRPCPLNPNEHKGTITWYKDDSKTPVSTEQASRIHQHKEKLWFVPAKVEDSGHYYCVVRNSSYCLRIKISAKFVENEPNLCYNAQAIFKQKLPVAGDGGLVCPYMEFFKNENNELPKLQWYKDCKPLLLDNIHFSGVKDRLIVMNVAEKHRGNYTCHASYTYLGKQYPITRVIEFITLEENKPTRPVIVSPANETMEVDLGSQIQLICNVTGQLSDIAYWKWNGSVIDEDDPVLGEDYYSVENPANKRRSTLITVLNISEIESRFYKHPFTCFAKNTHGIDAAYIQLIYPVTNFQKHMIGICVTLTVIIVCSVFIYKIFKIDIVLWYRDSCYDFLPIKASDGKTYDAYILYPKTVGEGSTSDCDIFVFKVLPEVLEKQCGYKLFIYGRDDYVGEDIVEVINENVKKSRRLIIILVRETSGFSWLGGSSEEQIAMYNALVQDGIKVVLLELEKIQDYEKMPESIKFIKQKHGAIRWSGDFTQGPQSAKTRFWKNVRYHMPVQRRSPSSKHQLLSPATKEKLQREAHVPLG,1,539
Q01638,MGFWILAILTILMYSTAAKFSKQSWGLENEALIVRCPRQGKPSYTVDWYYSQTNKSIPTQERNRVFASGQLLKFLPAAVADSGIYTCIVRSPTFNRTGYANVTIYKKQSDCNVPDYLMYSTVSGSEKNSKIYCPTIDLYNWTAPLEWFKNCQALQGSRYRAHKSFLVIDNVMTEDAGDYTCKFIHNENGANYSVTATRSFTVKDEQGFSLFPVIGAPAQNEIKEVEIGKNANLTCSACFGKGTQFLAAVLWQLNGTKITDFGEPRIQQEEGQNQSFSNGLACLDMVLRIADVKEEDLLLQYDCLALNLHGLRRHTVRLSRKNPIDHHSIYCIIAVCSVFLMLINVLVIILKMFWIEATLLWRDIAKPYKTRNDGKLYDAYVVYPRNYKSSTDGASRVEHFVHQILPDVLENKCGYTLCIYGRDMLPGEDVVTAVETNIRKSRRHIFILTPQITHNKEFAYEQEVALHCALIQNDAKVILIEMEALSELDMLQAEALQDSLQHLMKVQGTIKWREDHIANKRSLNSKFWKHVRYQMPVPSKIPRKASSLTPLAAQKQ,1,542
Q9Z2B1,MLCLGWVFLWFVAGEKTTGFNHSACATKKLLWTYSARGAENFVLFCDLQELQEQKFSHASQLSPTQSPAHKPCSGSQKDLSDVQWYMQPRSGSPLEEISRNSPHMQSEGMLHILAPQTNSIWSYICRPRIRSPQDMACCIKTVLEVKPQRNVSCGNTAQDEQVLLLGSTGSIHCPSLSCQSDVQSPEMTWYKDGRLLPEHKKNPIEMADIYVFNQGLYVCDYTQSDNVSSWTVRAVVKVRTIGKDINVKPEILDPITDTLDVELGKPLTLPCRVQFGFQRLSKPVIKWYVKESTQEWEMSVFEEKRIQSTFKNEVIERTIFLREVTQRDLSRKFVCFAQNSIGNTTRTIRLRKKEEVVFVYILLGTALMLVGVLVAAAFLYWYWIEVVLLCRTYKNKDETLGDKKEFDAFVSYSNWSSPETDAVGSLSEEHLALNLFPEVLEDTYGYRLCLLDRDVTPGGVYADDIVSIIKKSRRGIFILSPSYLNGPRVFELQAAVNLALVDQTLKLILIKFCSFQEPESLPYLVKKALRVLPTVTWKGLKSVHASSRFWTQIRYHMPVKNSNRFMFNGLRIFLKGFSPEKDLVTQKPLEGMPKSGNDHGAQNLLLYSDQKRC,1,538
O95256,MLCLGWIFLWLVAGERIKGFNISGCSTKKLLWTYSTRSEEEFVLFCDLPEPQKSHFCHRNRLSPKQVPEHLPFMGSNDLSDVQWYQQPSNGDPLEDIRKSYPHIIQDKCTLHFLTPGVNNSGSYICRPKMIKSPYDVACCVKMILEVKPQTNASCEYSASHKQDLLLGSTGSISCPSLSCQSDAQSPAVTWYKNGKLLSVERSNRIVVDEVYDYHQGTYVCDYTQSDTVSSWTVRAVVQVRTIVGDTKLKPDILDPVEDTLEVELGKPLTISCKARFGFERVFNPVIKWYIKDSDLEWEVSVPEAKSIKSTLKDEIIERNIILEKVTQRDLRRKFVCFVQNSIGNTTQSVQLKEKRGVVLLYILLGTIGTLVAVLAASALLYRHWIEIVLLYRTYQSKDQTLGDKKDFDAFVSYAKWSSFPSEATSSLSEEHLALSLFPDVLENKYGYSLCLLERDVAPGGVYAEDIVSIIKRSRRGIFILSPNYVNGPSIFELQAAVNLALDDQTLKLILIKFCYFQEPESLPHLVKKALRVLPTVTWRGLKSVPPNSRFWAKMRYHMPVKNSQGFTWNQLRITSRIFQWKGLSRTETTGRSSQPKEW,1,541
Q61098,MHHEELILTLCILIVKSASKSCIHRSQIHVVEGEPFYLKPCGISAPVHRNETATMRWFKGSASHEYRELNNRSSPRVTFHDHTLEFWPVEMEDEGTYISQVGNDRRNWTLNVTKRNKHSCFSDKLVTSRDVEVNKSLHITCKNPNYEELIQDTWLYKNCKEISKTPRILKDAEFGDEGYYSCVFSVHHNGTRYNITKTVNITVIEGRSKVTPAILGPKCEKVGVELGKDVELNCSASLNKDDLFYWSIRKEDSSDPNVQEDRKETTTWISEGKLHASKILRFQKITENYLNVLYNCTVANEEAIDTKSFVLVRKEIPDIPGHVFTGGVTVLVLASVAAVCIVILCVIYKVDLVLFYRRIAERDETLTDGKTYDAFVSYLKECHPENKEEYTFAVETLPRVLEKQFGYKLCIFERDVVPGGAVVEEIHSLIEKSRRLIIVLSQSYLTNGARRELESGLHEALVERKIKIILIEFTPASNITFLPPSLKLLKSYRVLKWRADSPSMNSRFWKNLVYLMPAKAVKPWREESEARSVLSAP,1,534
Q13478,MNCRELPLTLWVLISVSTAESCTSRPHITVVEGEPFYLKHCSCSLAHEIETTTKSWYKSSGSQEHVELNPRSSSRIALHDCVLEFWPVELNDTGSYFFQMKNYTQKWKLNVIRRNKHSCFTERQVTSKIVEVKKFFQITCENSYYQTLVNSTSLYKNCKKLLLENNKNPTIKKNAEFEDQGYYSCVHFLHHNGKLFNITKTFNITIVEDRSNIVPVLLGPKLNHVAVELGKNVRLNCSALLNEEDVIYWMFGEENGSDPNIHEEKEMRIMTPEGKWHASKVLRIENIGESNLNVLYNCTVASTGGTDTKSFILVRKADMADIPGHVFTRGMIIAVLILVAVVCLVTVCVIYRVDLVLFYRHLTRRDETLTDGKTYDAFVSYLKECRPENGEEHTFAVEILPRVLEKHFGYKLCIFERDVVPGGAVVDEIHSLIEKSRRLIIVLSKSYMSNEVRYELESGLHEALVERKIKIILIEFTPVTDFTFLPQSLKLLKSHRVLKWKADKSLSYNSRFWKNLLYLMPAKTVKPGRDEPEVLPVLSES,1,535
Q9EPQ1,MTKPNSLIFYCIIVLGLTLMKIQLSEECELIIKRPNANLTRVPKDLPLQTTTLDLSQNNISELQTSDILSLSKLRVLIMSYNRLQYLNISVFKFNTELEYLDLSHNELKVILCHPTVSLKHLDLSFNAFDALPICKEFGNMSQLQFLGLSGSRVQSSSVQLIAHLNISKVLLVLGDAYGEKEDPESLRHVSTETLHIVFPSKREFRFLLDVSVSTTIGLELSNIKCVLEDQGCSYFLRALSKLGKNLKLSNLTLNNVETTWNSFINILQIVWHTPVKYFSISNVKLQGQLAFRMFNYSDTSLKALSIHQVVTDVFSFPQSYIYSIFANMNIQNFTMSGTHMVHMLCPSQVSPFLHVDFTDNLLTDMVFKDCRNLVRLKTLSLQKNQLKNLENIILTSAKMTSLQKLDISQNSLRYSDGGIPCAWTQSLLVLNLSSNMLTGSVFRCLPPKVKVLDLHNNRIMSIPKDVTHLQALQELNVASNSLTDLPGCGAFSSLSVLVIDHNSVSHPSEDFFQSCQNIRSLTAGNNPFQCTCELRDFVKNIGWVAREVVEGWPDSYRCDYPESSRGTALRDFHMSPLSCDTVLLTVTIGATMLVLAVTGAFLCLYFDLPWYVRMLCQWTQTRHRARHIPLEELQRNLQFHAFVSYSGHDSAWVKNELLPNLEKDDIQICLHERNFVPGKSIVENIINFIEKSYKSIFVLSPHFIQSEWCHYELYFAHHNLFHEGSDNLILILLAPIPQYSIPTNYHKLKTLMSRRTYLEWPTEKNKHGLFWANLRASINVKLVNQAEGTCYTQQ,1,540
Q15399,MTSIFHFAIIFMLILQIRIQLSEESEFLVDRSKNGLIHVPKDLSQKTTILNISQNYISELWTSDILSLSKLRILIISHNRIQYLDISVFKFNQELEYLDLSHNKLVKISCHPTVNLKHLDLSFNAFDALPICKEFGNMSQLKFLGLSTTHLEKSSVLPIAHLNISKVLLVLGETYGEKEDPEGLQDFNTESLHIVFPTNKEFHFILDVSVKTVANLELSNIKCVLEDNKCSYFLSILAKLQTNPKLSNLTLNNIETTWNSFIRILQLVWHTTVWYFSISNVKLQGQLDFRDFDYSGTSLKALSIHQVVSDVFGFPQSYIYEIFSNMNIKNFTVSGTRMVHMLCPSKISPFLHLDFSNNLLTDTVFENCGHLTELETLILQMNQLKELSKIAEMTTQMKSLQQLDISQNSVSYDEKKGDCSWTKSLLSLNMSSNILTDTIFRCLPPRIKVLDLHSNKIKSIPKQVVKLEALQELNVAFNSLTDLPGCGSFSSLSVLIIDHNSVSHPSADFFQSCQKMRSIKAGDNPFQCTCELGEFVKNIDQVSSEVLEGWPDSYKCDYPESYRGTLLKDFHMSELSCNITLLIVTIVATMLVLAVTVTSLCSYLDLPWYLRMVCQWTQTRRRARNIPLEELQRNLQFHAFISYSGHDSFWVKNELLPNLEKEGMQICLHERNFVPGKSIVENIITCIEKSYKSIFVLSPNFVQSEWCHYELYFAHHNLFHEGSNSLILILLEPIPQYSIPSSYHKLKSLMARRTYLEWPKEKSKRGLFWANLRAAINIKLTEQAKK,1,541
Q9VUN0,MIYYMLLILPVVLAQDQQHTTESLSTKHHQQQQLSHSNAIMGEAGVSNSQLMQPSTPARTLRPLTAGAGGDPSLYDAPDDCHFMPAAGLDQPEIALTCNLRTVNSEFDTTNFSVIPAEHTIALHILCNDEIMAKSRLEAQSFAHLVRLQQLSIQYCKLGRLGRQVLDGLEQLRNLTLRTHNILWPALNFEIEADAFSVTRRLERLDLSSNNIWSLPDNIFCTLSELSALNMSENRLQDVNELGFRDRSKEPTNGSTESTSTTESAKKSSSSSTSCSLDLEYLDVSHNDFVVLPANGFGTLRRLRVLSVNNNGISMIADKALSGLKNLQILNLSSNKIVALPTELFAEQAKIIQEVYLQNNSISVLNPQLFSNLDQLQALDLSMNQITSTWIDKNTFVGLIRLVLLNLSHNKLTKLEPEIFSDLYTLQILNLRHNQLENIAADTFAPMNNLHTLLLSHNKLKYLDAYALNGLYVLSLLSLDNNALIGVHPDAFRNCSALQDLNLNGNQLKTVPLALRNMRHLRTVDLGENMITVMEDSAFKGLGNLYGLRLIGNYLENITMHTFRDLPNLQILNLARNRIAVVEPGAFEMTSSIQAVRLDGNELNDINGLFSNMPSLLWLNISDNRLESFDYGHVPSTLQWLDLHKNRLSSLSNRFGLDSELKLQTLDVSFNQLQRIGPSSIPNSIELLFLNDNLITTVDPDTFMHKTNLTRVDLYANQITTLDIKSLRILPVWEHRALPEFYIGGNPFTCDCNIDWLQKINHITSRQYPRIMDLETIYCKLLNNRERAYIPLIEAEPKHFLCTYKTHCFAVCHCCEFDACDCEMTCPTNCTCFHDQTWSTNIVECSGAAYSEMPRRVPMDTSELYIDGNNFVELAGHSFLGRKNLAVLYANNSNVAHIYNTTFSGLKRLLILHLEDNHIISLEGNEFHNLENLRELYLQSNKIASIANGSFQMLRKLEVLRLDGNRLMHFEVWQLSANPYLVEISLADNQWSCECGYLARFRNYLGQSSEKIIDASRVSCIYNNATSVLREKNGTKCTLRDGVAHYMHTNEIEGLLPLLLVATCAFVAFFGLIFGLFCYRHELKIWAHSTNCLMNFCYKSPRFVDQLDKERPNDAYFAYSLQDEHFVNQILAQTLENDIGYRLCLHYRDVNINAYITDALIEAAESAKQFVLVLSKNFLYNEWSRFEYKSALHELVKRRKRVVFILYGDLPQRDIDMDMRHYLRTSTCIEWDDKKFWQKLRLALPLPNGRGNNNKRVVSGCLSGRTPSVNMYATSHEYQAGNGGVIPPPSARYADCGSNNYATINECAAAGGGRGYKPIPTSASAAAAACKFNTMNQLSKKQQRDLSVAGMAKTLEHQHHHNHQANRRSQHEYAVPSYLPSAAPAYDSVDYAKQQIRNNANCECVNLGTAKRAAGKNPASGLPSSFSSNFVPPGGASYNCKKSCSCIGDDELLCSCGGGGGIGVNLLESGTQSSVTMSSSSNNSRQPELTHYESNLSLNDDEDEDHDQQKNLWA,1,541
Q689D1,MSRVLWTLWVLGAVTNLSKEEAPDQSSSLSCDPTGVCDGRSRSLNSMPSGLTAAVRSLDLSNNEITYIGNSDLRDCVNLKALRLESNGINTIEEESFLSLWSLEHLDLSYNLLSNLSSSWFRPLSSLKFLNLLGNPYKSLGETPLFSQLTNLRILKVGNIYSFTEIQDKDFAGLTFLEELEIDASNLQRYEPKSLKSIQNISYLALRMKQPVLLVEIFVDLSSSLKHLELRDTHLDTFHFSEASINETHTLVKKWTFRNVKVTDRSFTGVVRLLNYVSGVLEVEFEDCTLYGLGDFDIPDVDKIKNIGQIETLTVRRLHIPHFYSFYDMSSIYSLTEDVKRITVENSKVFLVPCLLSQHLKSLEYLDLSENLMVEEYLKNSACEDAWPSLQTLVLRQNHLASLERTGETLLTLKNLTNIDISKNSFHSMPETCQWPEKMKYLNLSSTRIHSVTGCIPKTLEILDVSNNNLNLFSLNLPQLKELYISRNKLMTLPDASLLPMLLVLKISRNAITTFSKEQLDSFHTLKTLEAGGNNFICSCEFLSFTQEQQALAKVLIDWPANYLCDSPSHVRGQQVQDVRLSVSECHRTALVSGMCCALFLLILLTEVLCHRFHGLWYMRMMWAWLQAKRKPRKAPSRDVCYDAFVSYSEHDSYWVENLLVQKLEHFNPPFKLCLHKRDFIPGKWIIDNIIDSIEKSRKTIFVLSENFVKSEWCKYELDFSHFRLFDENSDAAILILLEPIEKKAIPQRFCKLRKIMNTKTYLEWPTDDAQQEGFWLNLRTAIKS,1,540
Q704V6,MIKDKESPIRSCHFVYIVALVFGTIIQFSDESEFVVDMSKTSLIHVPKDLPPKTKVLDLSQNNISELHLSDISFLSGLRVLRLSHNRIQGLDISIFKFNHDLEYLDLSHNQLQKISCHPITTTLKHLDLSFNDFDALPICKEFGNLTQLNFLGLSATKLQQLDLLPIAHLHLSCILLDLEDYMKENKKESLQILNTKKLHLVFHPNSFFSVQVDISANSLGCLQLTNIKLNDYNCQVLLKFLSGLTGGPTLLNFTLNHVETTWKCLVKVFQFLWPKPIEYLNIYNLTIVESIDEEVFTYYKTTLKALKIEHITNKVFIFSQTALYTVFSEMNILMLTISDTRFIHMLCPQEPSTFKFLNFTQNSFTDSVFQNCDTLARLETLILQKNELKDLFKTSLMTKDMLSLETLDVSWNSLEYDRSNGNCSWVGSIVVLNLSSNALTDSVFRCLPPRIKVLDLHNNRIRSIPKDVTGLETLQELNLASNSLAHLPGCGIFSSLSILIIEHNSISNPSADFFQSCQKIRSLKAGNNPFQCSCELRDFIQSVGQVSSDVVEGWPESYKCDYPESYKGTPLKDFQVSELSCNTALLIITIVVPGLVLAVAVTVLCIYLDLPWYLRMVCQWTQTRRRARNVPLEELQRTLQFHAFISYSEHDSAWVKNELIPNLEKEDIRICLHERNFVAGKSIVENIINCIEKSYKSIFVLSPNFVQSEWCHYELYFAHHNLFHEGSDNLILILLDPIPQYSIPSSYHKLRALMAQRTYLEWPKEKSKHGLFWANLRASINIKLMEKAAEIH,24,542
Q6T752,MPHALWTVWVLGAVISLSKEGVPDQPSSLSCDPTGVCDGRSRSLNSIPSGLTAAVKSLDLSNNKIASVGNSDLWKCVNLKALRLGSNDINTIEEDSFSSLRSLEHLDLSNNHLSNLSSSWFRPLSSLKFLNLLGSTYKTLGETSLFSHLTNLRILKVGNIHFTEIQGKDFAGLTFLEELEIDATNLQRYEPKSFKSIQNISHLILRMKQPVLLPEIILDTLSSLEYLELRDTYLNTFHFAEVSDPETNTLIKKFTFRNVKITDESFDEIVKLLNYISGVSEAEFDECTLDGLGEFRTPDIDKIKVIGKLETLTIRRLRIPQFYLFRDLSSIYSLTERVKRITIENSKVFLVPCSLSRHLKSLEYLDLSDNLMVEEYLKNSACERAWPSLQTLILRQNHLTSLGKTGETLLTLKNLTKLDISKNSFHSMPETCQWPEKMKYLNLSSIRIDRLTQCIPQTLEVLDISNNNLNSFSLILPQVKELYISRNKLKTLPDASFLPMLLVMRISRKTINTFSKEQLDSFQKLKTLEAGGNNFICSCEFLSFTQEEQALDQILIDWPENYLCDSPSHVRGQRVQDTHLSVSECHRTALVSAVCCALFLSILLTGVLCHHFHGLWYMKMMWAWLQAKRKPRTAPQRDICYDAFVSYSERDSYWVENLMVQELEHFNPPFKLCLHKRDFIPGKWIIDNIIDSIEKSHKTIFVLSENFVKSEWCKYELDFSHFRLFDENNDAAILILLEPIDKKAIPQRFCKLRKIMNTKTYLEWPTDEAQQEGFWLNLRAAIKS,1,541
Q9EPW9,MSQDRKPIVGSFHFVCALALIVGSMTPFSNELESMVDYSNRNLTHVPKDLPPRTKALSLSQNSISELRMPDISFLSELRVLRLSHNRIRSLDFHVFLFNQDLEYLDVSHNRLQNISCCPMASLRHLDLSFNDFDVLPVCKEFGNLTKLTFLGLSAAKFRQLDLLPVAHLHLSCILLDLVSYHIKGGETESLQIPNTTVLHLVFHPNSLFSVQVNMSVNALGHLQLSNIKLNDENCQRLMTFLSELTRGPTLLNVTLQHIETTWKCSVKLFQFFWPRPVEYLNIYNLTITERIDREEFTYSETALKSLMIEHVKNQVFLFSKEALYSVFAEMNIKMLSISDTPFIHMVCPPSPSSFTFLNFTQNVFTDSVFQGCSTLKRLQTLILQRNGLKNFFKVALMTKNMSSLETLDVSLNSLNSHAYDRTCAWAESILVLNLSSNMLTGSVFRCLPPKVKVLDLHNNRIMSIPKDVTHLQALQELNVASNSLTDLPGCGAFSSLSVLVIDHNSVSHPSEDFFQSCQNIRSLTAGNNPFQCTCELRDFVKNIGWVAREVVEGWPDSYRCDYPESSKGTALRDFHMSPLSCDTVLLTVTIGATMLVLAVTGAFLCLYFDLPWYVRMLCQWTQTRHRARHIPLEELQRNLQFHAFVSYSEHDSAWVKNELLPNLEKDDIRVCLHERNFVPGKSIVENIINFIEKSYKAIFVLSPHFIQSEWCHYELYFAHHNLFHEGSDNLILILLEPILQNNIPSRYHKLRALMAQRTYLEWPTEKGKRGLFWANLRASFIMKLALVNEDDVKT,9,542
O60603,MPHTLWMVWVLGVIISLSKEESSNQASLSCDRNGICKGSSGSLNSIPSGLTEAVKSLDLSNNRITYISNSDLQRCVNLQALVLTSNGINTIEEDSFSSLGSLEHLDLSYNYLSNLSSSWFKPLSSLTFLNLLGNPYKTLGETSLFSHLTKLQILRVGNMDTFTKIQRKDFAGLTFLEELEIDASDLQSYEPKSLKSIQNVSHLILHMKQHILLLEIFVDVTSSVECLELRDTDLDTFHFSELSTGETNSLIKKFTFRNVKITDESLFQVMKLLNQISGLLELEFDDCTLNGVGNFRASDNDRVIDPGKVETLTIRRLHIPRFYLFYDLSTLYSLTERVKRITVENSKVFLVPCLLSQHLKSLEYLDLSENLMVEEYLKNSACEDAWPSLQTLILRQNHLASLEKTGETLLTLKNLTNIDISKNSFHSMPETCQWPEKMKYLNLSSTRIHSVTGCIPKTLEILDVSNNNLNLFSLNLPQLKELYISRNKLMTLPDASLLPMLLVLKISRNAITTFSKEQLDSFHTLKTLEAGGNNFICSCEFLSFTQEQQALAKVLIDWPANYLCDSPSHVRGQQVQDVRLSVSECHRTALVSGMCCALFLLILLTGVLCHRFHGLWYMKMMWAWLQAKRKPRKAPSRNICYDAFVSYSERDAYWVENLMVQELENFNPPFKLCLHKRDFIPGKWIIDNIIDSIEKSHKTVFVLSENFVKSEWCKYELDFSHFRLFDENNDAAILILLEPIEKKAIPQRFCKLRKIMNTKTYLEWPMDEAQREGFWVNLRAAIKS,1,539
B3Y615,MPHTLWMVWVLGVIISLSKEESSNQASLSCDRNGICKGSSGSLNSIPSGLTEAVKSLDLSNNRITYISNSDLQRCVNLQALVLTSNGINTIEEDSFSSLGSLEHLDLSYNYLSNLSSSWFKPLSSLTFLNLLGNPYKTLGETSLFSHLTKLQILRVGNMDTFTKIQRKDFAGLTFLEELEIDASDLQSYEPKSLKSIQNVSHLILHMKQHILLLEIFVDVTSSVECLELRDTDLDTFHFSELSTGETNSLIKKFTFRNVKITDESLFQVMKLLNQISGLLELEFDDCTLNGVGNFRASDNDRVIDPGKVETLTIRRLHIPRFYLFYDLSTLYSLTERVKRITVENSKVFLVPCLLSQHLKSLEYLDLSENLMVEEYLKNSACEDAWPSLQTLILRQNHLASLEKTGETLLTLKNLTNVDISKNSFHSMPETCQWPEKMKYLNLSSTRIHSVTGCIPKTLEILDVSNNNLNLFSLNLPQLKELYISRNKLMTLPDASLLPMLLVLKISRNAITTFSKEQLDSFHTLKTLEAGGNNFICSCEFLSFTQEQQALAKVLIDWPANYLCDSPSHVRGQQVQDVRLSVSECHRTALVSGMCCALFLLILLTGVLCHRFHGLWYMKMMWAWLQAKRKPRKAPSRNICYDAFVSYSERDAYWVENLMVQELENFNPPFKLCLHKRDFIPGKWIIDNIIDSIEKSHKTVFVLSENFVKSEWCKYELDFSHFRLFDENNDAAILILLEPIEKKAIPQRFCKLRKIMNTKTYLEWPMDEAQREGFWVNLRAAIKS,1,539
B3Y613,MPHTLWMVWVLGVIISLSKEESSNQASLSCDRNGICKGSSGSLNSIPSGLTEAVKSLDLSNNRITYISNSDLQRCVNLQALVLTSNGINTIEEDSFSSLGSLEHLDLSYNYLSNLSSSWFKPLSSLTFLNLLGNPYKTLGETSLFSHLTKLQILRVGNMDTFTKIQRKDFAGLTFLEELEIDASDLQSYEPKSLKSIQNVSHLILHMKQHILLLEIFVDVTSSVECLELRDTDLDTFRFSELSTGETNSLIKKFTFRNVKITDESLFQVMKLLNQISGLLELEFDDCTLNGVGNFRASDNDRVIDPGKVETLTIRRLHIPRFYLFYDLSTLYSLTERVKRITVENSKVFLVPCLLSQHLKSLEYLDLSENLIVEEYLKNSACEDAWPSLQTLILRQNHLASLEKTGETLLTLKNLTNVDISKNSFHSMPETCQWPEKMKYLNLSSTRIHSVTGCIPKTLEILDVSNNNLNLFSLNLPQLKELYISRNKLMTLPDASLLPMLLVLKISRNAITTFSKEQLDSFHTLKTLEAGGNNFICSCEFLSFTQEQQALAKVLIDWPANYLCDSPSHVRGQQVQDVRLSVSECHRTALVSGMCCALFLLILLTGVLCHRFHGLWYMKMMWAWLQAKRKPRKAPSRNICYDAFVSYSERDAYWVENLMVQELENFNPPFKLCLHKRDFIPGKWIIDNIIDSIEKSHKTVFVLSENFVKSEWCKYELDFSHFRLFDENNDAAILILLEPIEKKAIPQRFCKLRKIMNTKTYLEWPMDEAQREGFWVNLRAAIKS,1,539
B3Y614,MPHTLWMVWVLGVIISLSKEESSNQASLSCDRNGICKGSSGSLNSIPSGLTEAVKSLDLSNNRITYISNSDLQRCVNLQALVLTSNGINTIEEDSFSSLGSLEHLDLSYNYLSNLSSSWFKPLSSLTFLNLLGNPYKTLGETSLFSHLTKLQILRVGNMDTFTKIQRKDFAGLTFLEELEIDASDLQSYESKSLKSIQNVSHLILHMKQHILLLEIFVDVSSSVECLELRDTDLDTFRFSELSTGETNSLIKKFTFRNVKITDESLFQVMKLLNQISGLLELEFDDCTLNGVGNFRASDNDRVIDPGKVETLTIRRLHIPRFYLFYDLSTLYSLTERVKRITVENSKVFLVPCLLSQHLKSLEYLDLSENLIVEEYLKNSACEDAWPSLQTLILRQNHLASLEKTGETLLTLKNLTNVDISKNSFHSMPETCQWPEKMKYLNLSSTRIHSVTGCIPKTLEILDVSNNNLNLFSLNLPQLKELYISRNKLMTLPDASLLPMLLVLKISRNAITTFSKEQLDSFHTLKTLEAGGNNFICSCEFLSFTQEQQALAKVLIDWPANYLCDSPSHVRGQQVQDVRLSVSECHRTALVSGMCCALFLLILLTGVLCHRFHGLWYMKMMWAWLQAKRKPRKAPSRNICYDAFVSYSERDAYWVENLMVQELENFNPPFKLCLHKRDFIPGKWIIDNIIDSIEKSHKTVFVLSENFVKSEWCKYELDFSHFRLFDENNDAAILILLEPIEKKAIPQRFCKLRKIMNTKTYLEWPMDEAQREGFWVNLRAAIKS,1,539
Q95M53,MPHTLWMVWVLGVIISLSKEESSNQASLSCDHNGICKGSSGSLNSIPSGLTEAVKSLDLSNNRITYISNSDLQRYVNLQALVLTSNGINTIEEDSFSSLGRLEHLDLSYNYLSNLSSSWFKPLSSLKFLNLLGNPYKTLGETSLFSHLTKLRILRVGNMDTFTKIQRKDFAGLTFLEELEIDASDLQSYEPKSLKSIQNVSHLILHMKQHILLLEIFVDLTSSVECLELRDTDLDTFHFSELSTGETNSLIKKFTFRNVKITDESLFQVMKLLSQISGLLELEFDDCTLNGVGDFRGSDNDRVIDPGKVETVTIRRLHIPQFYSFNDLSTLYPLTERVKRITVENSKVFLVPCLLSRHLKSLEYLDLSENLMVEEYLKNSACEDAWPSLQTLILRQNHLASLGKTGETLLTLKNLTNLDISKNTFHYMPETCQWPEKMKYLNLSSTRIHSVTGCIPKTLEILDISNNNLNLFSLNLPQLKELYISRNKLMTLPDASLLPMLLVLKISRNTITTFSKEQLDSFHTLKTLEAGGNNFICSCEFLSFTQEQQALAKVLVDWPANYLCDSPSHVRGQRVQDVRLSVSECHRAALVSGMCCALFLLILLMGVLCHRFHGLWYMKMMWAWLQAKRKPRKAPNRDICYDAFVSYSERDAYWVENLMVQELENFNPPFKLCLHKRDFIPGKWIIDNIIDSIEKSHKTVFVLSENFVKSEWCKYELDFSHFRLFDENNDAAILVLLEPIEKKAIPQRFCKLRKIMNTKTYLEWPMDEARQEGFWVNLRAAIKS,1,539
B3Y618,MPHTLWMVWVLGVIISLSKEESSNQASLSCDHNGICKGSSGSLNSIPSVLTEAVKCLDLSNNRITYISNSDLQRYVNLQALVLTSNGINTIEEDSFSSLGRLEHLDLSYNYLSNLSSSWFKPLSSLKFLNLLGNPYKTLGETSLFSHLTKLRILRVGNMDTFTKIQRKDFAGLTFLEELEIDASDLQSYEPKSLKSIQNVSHLILHMKQHILLLEIFVDLTSSVECLELRDTDLNTFHFSELSTGETNSLIKKFTFRNVKITDESLFQVMKLLSQISGLLELEFDDCTLNGVGDFRGSDNDRVIDPGKVETLTIRRLHIPQFYSFNDLSTLYPLTERVKRITVENSKVFLVPCLLSRHLKSLEYLDLSENLMVEEYLKNSACEDAWPSLQTLILRQNHLASLGKIGETLLTLKNLTNLDISKNTFHYMPETCQWPEKMKYLNLSSTRIHSVTGCIPKTLEILDISNNNLNLFSLNLPQLKELYISRNKLMTLPDASLLPMLLVLKISRNTITTFSKEQLDSFHTLKTLEAGGNNFICSCEFLSFTQEQQALAKVLVDWPANYLCDSPSHVRGQRVQDVRLSVSECHRAALVSGMCCALFLLILLMGVLCHRFHGLWYMKMMWAWLQAKRKPRKAPNRDICYDAFVSYSERDAYWVENLMVQELENFNPPFKLCLHKRDFIPGKWIIDNIIDSIEKSHKTVFVLSENFVKSEWCKYELDFSHFRLFDENNDAAILVLLEPIEKKAIPQRFCKLRKIMNTKTYLEWPMDEARQEGFWVNLRAAIKS,1,539
Q9QUN7,MLRALWLFWILVAITVLFSKRCSAQESLSCDASGVCDGRSRSFTSIPSGLTAAMKSLDLSFNKITYIGHGDLRACANLQVLILKSSRINTIEGDAFYSLGSLEHLDLSDNHLSSLSSSWFGPLSSLKYLNLMGNPYQTLGVTSLFPNLTNLQTLRIGNVETFSEIRRIDFAGLTSLNELEIKALSLRNYQSQSLKSIRDIHHLTLHLSESAFLLEIFADILSSVRYLELRDTNLARFQFSPLPVDEVSSPMKKLAFRGSVLTDESFNELLKLLRYILELSEVEFDDCTLNGLGDFNPSESDVVSELGKVETVTIRRLHIPQFYLFYDLSTVYSLLEKVKRITVENSKVFLVPCSFSQHLKSLEFLDLSENLMVEEYLKNSACKGAWPSLQTLVLSQNHLRSMQKTGEILLTLKNLTSLDISRNTFHPMPDSCQWPEKMRFLNLSSTGIRVVKTCIPQTLEVLDVSNNNLDSFSLFLPRLQELYISRNKLKTLPDASLFPVLLVMKIRENAVSTFSKDQLGSFPKLETLEAGDNHFVCSCELLSFTMETPALAQILVDWPDSYLCDSPPRLHGHRLQDARPSVLECHQAALVSGVCCALLLLILLVGALCHHFHGLWYLRMMWAWLQAKRKPKKAPCRDVCYDAFVSYSEQDSHWVENLMVQQLENSDPPFKLCLHKRDFVPGKWIIDNIIDSIEKSHKTVFVLSENFVRSEWCKYELDFSHFRLFDENNDAAILVLLEPIERKAIPQRFCKLRKIMNTKTYLEWPLDEGQQEVFWVNLRTAIKS,1,540
Q9R1F8,MLHVLWTFWILVAMTDLSRKGCSAQASLSCDAAGVCDGRSRSFTSIPSGLTAAMKSLDLSNNKITSIGHGDLRGCVNLRALILQSSGINTIEEDAFSSLSKLEYLDLSDNHLSNLSSSWFRPLSSLKYLNLLGNPYRILGETPLFLNLTHLQTLRVGNVATFSGIRRTDFAGLTSLDELEIKALSLQNYEPGSLQSIQSIHHLTFHLSQSDFLLGVFEDTLSSVGYLELRDANLDSFYFSELSTDEMNSPMKKLAFQNADLTDESFNELLKLLRYTPELLEVEFDDCTLNGVGDFQPSESDVVRELGKVETLIIRRLHIPRFYSFYDLSTVYTLLEKVKRITVENSKVFLVPCLFSQHLKSLEFLDLSENLMVEEYLKNAACEGSWPSLQTLILRQNRLKSIERTGKILLTLKNLTALDISRNSFQSMPDSCQWPGKMRFLNLSSTGIQAVKMCIPQTLEVLDVSNNNLISFSLFLPLLRELYISRNKLHTLPDASLFPVLLVMKIRENAISTFSKDQLSSFPKLVSLEAGGNHFICSCELLSFTLEHPALVQVLAGWPDSYLCDSPSRLRGQRVQDARPSVLECHQTLLVSGVCCALVLLILLIGGLCHHFHGLWYLRMMWAWLQAKRKPKKAPCRDICYDAFVSYSEQDSYWVENLMVQQLENSEPPFKLCLHKRDFVPGKWIIDNIIDSIEKSHKTLFVLSENFVRSEWCKYELDFSHFRLFDENNDAGILVLLEPIEKKAIPQRFCKLRKIMNTKTYLEWPLDEGQQEVFWVNLRTAIKS,1,540
Q9DGB6,MHTWKMWAICTALAAHLPEEQALRQACLSCDATQSCNCSFMGLDFIPPGLTGKITVLNLAHNRIKVIRTHDLQKAVNLRTLLLQSNQISSIDEDSFGSQGKLELLDLSNNSLAHLSPVWFGPLFSLQHLRIQGNSYSDLGESSPFSSLRNLSSLHLGNPQFSIIRQGNFEGIVFLNTLRIDGDNLSQYEPGSLKSIRKINHMIISIRRIDVFSAVIRDLLHSAIWLDVRKLAFSVPEKIQLLRIMSSSFAKKISLKQCLFTDATVPEIVSILEGMPKLMEVEMKDCTLLGTGKWYKQIHANQSQSLRILTIENLSIEEFYLFTDLQSVLDLLSLFRKVTVENTKVFLVPCKLSQHLLSLEYLDLSANLLGDQSLEHSACQGAWPSLQTLNLSQNSLSDLKMTGKSLFHLRNLNLLDISENNFGEIPDMCEWPENLKYLNLSSTQIPKLTTCIPSTLEVLDVSANNLQDFGLQLPFLKELYLTKNHLKTLPEATDIPNLVAMSISRNKLNSFSKEEFESFKQMELLDASANNFICSCEFLSFIHHEAGIAQVLVGWPESYICDSPLTVRGAQVGSVQLSLMECHRSLLVSLICTLVFLFILILVVVGYKYHAVWYMRMTWAWLQAKRKPKRAPTKDICYDAFVSYSENDSNWVENIMVQQLEQACPPFRLCLHKRDFVPGKWIVDNIIDSIEKSHKTLFVLSEHFVQSEWCKYELDFSHFRLFDENNDVAILILLEPIQSQAIPKRFCKLRKIMNTKTYLEWPPDEEQQQMFWENLKAALKS,321,536
